Aaron,male
Abagail,female
Abbe,both
Abbey,female
Abbie,female
Abbott,male
Abby,female
Abel,male
Abey,both
Abigael,female
Abigail,female
Abina,female
Abner,male
Abraham,male
Abrahan,male
Abram,male
Absalom,male
Aby,female
Acheson,both
Achilles,male
Ada,female
Adah,female
Adair,both
Adaline,female
Adam,male
Adams,male
Adan,both
Adda,both
Addie,both
Addison,both
Addy,both
Ade,both
Adela,female
Adelaida,female
Adelaide,female
Adele,female
Adelina,female
Adeline,female
Aden,male
Adina,female
Adolf,male
Adolph,male
Adolphe,male
Adrian,both
Adrien,male
Adrienne,female
Aeneas,male
Agatha,female
Aggie,female
Agnes,female
Agnese,female
Agnew,male
Agnus,female
Agustin,male
Aida,female
Aidan,male
Aiden,male
Aiken,male
Aileen,female
Aimee,female
Alan,male
Albany,male
Albert,male
Alberta,female
Albertina,female
Albertine,female
Albie,male
Albina,female
Alec,male
Alecia,female
Aleen,female
Alena,female
Alethea,female
Alex,both
Alexa,female
Alexander,male
Alexandre,male
Alexandria,female
Alexandrina,female
Alf,male
Alfie,male
Alfonso,male
Alford,male
Alfred,male
Algernon,male
Alic,male
Alica,female
Alice,female
Alicea,female
Alicia,female
Alick,male
Alie,female
Alina,female
Aline,female
Alis,both
Alisa,female
Alisha,female
Alison,female
Alister,male
Alix,female
Aliza,female
Allan,male
Alleen,female
Allen,male
Alley
Alleyn
Allice
Allie
Allin
Allison
Ally
Alma
Aloysia
Aloysius
Alphonse
Alphonso
Alphonsus
Althea
Alvina
Alwyn
Alx
Alyce
Alys
Ama
Amalia
Amanda
Ambros
Ambrose
Amelia
Amelie
Amie
Amos
Amy
Ana
Anabel
Anabella
Anastasia
Anastasie
Anastatia
Anders
Anderson
Andie
Andrew
Andrews
Andrey
Andy
Ane
Anetta
Anette
Angel
Angela
Angele
Angelia
Angelica
Angelina
Angeline
Angelo
Angie
Angle
Angus
Ania
Anita
Ann
Anna
Annabel
Annabell
Annabella
Annamaria
Anne
Annetta
Annette
Anney
Anni
Annice
Annie
Annis
Anny
Anselm
Ansley
Ant
Anthony
Antoine
Antoinette
Anton
Antonia
Antonie
Antonio
Antony
Arabella
Arch
Archer
Archibald
Archibold
Archie
Archy
Armor
Armour
Armstrong
Arnold
Aron
Arron
Art
Arther
Arthur
Artur
Ashley
Ashton
Atkinson
Atty
Aubrey
Audrey
Audy
August
Augusta
Auguste
Augustin
Augustina
Augustine
Augustus
Aurthur
Austen
Austin
Austina
Austine
Averell
Avis
Aylmer
Bab
Babara
Babe
Baden
Bailey
Bailie
Baird
Baker
Baldwin
Balfour
Ball
Bally
Baptiste
Barbara
Barber
Barbour
Barbra
Barclay
Barker
Barkley
Barnabas
Barnaby
Barnard
Barnes
Barnett
Barney
Barny
Baron
Barr
Barrett
Barron
Barry
Bart
Barth
Bartholomew
Bartle
Bartley
Bartly
Barton
Barty
Bary
Basil
Bate
Bath
Batholomew
Batt
Batty
Baxter
Bea
Bearnard
Beatrice
Beatrix
Becca
Beck
Becker
Beckett
Bedelia
Bee
Beesy
Behan
Bela
Belia
Belinda
Bell
Bella
Belle
Bells
Belly
Ben
Benedict
Benedicta
Benjamen
Benjamin
Bennett
Bennie
Benny
Benson
Berkeley
Berkley
Bernadette
Bernard
Bernardine
Bernhard
Bernie
Berny
Berry
Bert
Berta
Bertha
Berthe
Bertie
Bertram
Bertrand
Berty
Beryl
Bess
Bessie
Bessy
Best
Beta
Beth
Betsey
Betsy
Bettie
Betty
Bevan
Biddie
Biddy
Bill
Billy
Birch
Bird
Birdie
Bishop
Black
Blacker
Blair
Blake
Blanch
Blanche
Bland
Blessing
Bloomfield
Bob
Bobbie
Bobby
Bolton
Bonaventure
Bond
Boomer
Booth
Bose
Bourke
Bowen
Bowers
Bowman
Boyce
Boyd
Boyle
Bradley
Bradshaw
Brady
Brandon
Bray
Brenda
Brendan
Brendon
Brennan
Brett
Brian
Brice
Bride
Bridge
Bridger
Bridges
Bridget
Bridgett
Bridgid
Bridgie
Bridgit
Bridie
Brien
Briget
Bright
Brigid
Brigit
Brine
Britta
Brooke
Brooks
Brown
Browne
Bruce
Bryan
Bryce
Buchanan
Buckley
Buick
Bunting
Burgess
Burgh
Burke
Burns
Burnside
Burton
Bury
Butler
Byran
Byron
Caesar
Cain
Cairns
Cal
Calder
Caldwell
Caleb
Callaghan
Callahan
Calvert
Calvin
Cambridge
Cameron
Camilla
Camille
Campbell
Candace
Candy
Cane
Canning
Canon
Cara
Carey
Carl
Carleton
Carlina
Carline
Carlos
Carlyle
Carmel
Carmen
Carmichael
Carney
Carol
Carolan
Carolin
Carolina
Caroline
Carr
Carrie
Carroll
Carry
Carson
Carter
Cary
Casey
Casie
Cassandra
Cassey
Cassie
Cassy
Caster
Cat
Cate
Caterina
Cath
Catharina
Catharine
Cathe
Cather
Catherin
Catherina
Catherine
Catherne
Cathleen
Cathlene
Cathren
Cathrin
Cathrine
Catie
Catrina
Catt
Catty
Caty
Cecelia
Cecil
Cecile
Cecilia
Cecilla
Cecily
Cedric
Celestine
Celia
Celie
Celina
Chadwick
Chalmers
Chambers
Chancellor
Chapman
Charity
Charles
Charley
Charlie
Charlies
Charlot
Charlott
Charlotta
Charlotte
Cherry
Chester
Chris
Chrissie
Chrissy
Christ
Christabel
Christan
Christian
Christiana
Christiane
Christie
Christin
Christina
Christine
Christoper
Christoph
Christophe
Christopher
Christy
Church
Cicely
Cicily
Cilia
Cissy
Clair
Claire
Clancy
Clara
Clare
Clarence
Clarice
Clarinda
Clarissa
Clark
Clarke
Claude
Claudia
Claudine
Claudius
Clayton
Clement
Clementina
Clementine
Clifford
Clifton
Clive
Close
Clotilda
Clyde
Cochran
Coffey
Cole
Coleman
Colin
Coll
Collen
Collin
Collins
Colman
Columbia
Columbus
Con
Condy
Conn
Connell
Conner
Conney
Connie
Connolly
Connor
Connors
Conny
Conrad
Conroy
Constance
Constantia
Constantine
Conway
Cook
Cooke
Cooper
Cor
Cora
Coralie
Corbet
Corbett
Cordelia
Cork
Cormack
Corneilus
Cornelia
Cornelious
Cornelius
Corneluis
Corney
Corns
Cornwall
Corry
Cosby
Cosmo
Costello
Cotton
Courtenay
Courtney
Cox
Craig
Craven
Crawford
Creed
Creighton
Cris
Crissie
Crissy
Cristie
Cristina
Cristine
Cristy
Crofts
Cronin
Cross
Crowley
Cullen
Cumming
Cunning
Cunningham
Curran
Currie
Curry
Curtis
Cynthia
Cyril
Cyrus
Dairy
Daisey
Daisie
Daisy
Dale
Dales
Dalia
Dallas
Dalton
Dam
Dan
Dane
Danell
Danial
Danie
Daniel
Dannie
Danny
Daphne
Dara
Darby
Darcy
Daria
Darius
Darling
Davey
David
Davidson
Davie
Davies
Davina
Davis
Davit
Davy
Dawson
Day
Deacon
Dean
Deane
Debbie
Debby
Debora
Deborah
Debra
Dehlia
Dela
Delia
Delis
Della
Delphine
Den
Denies
Denis
Denise
Dennie
Dennis
Denny
Deny
Derby
Dermot
Derrick
Desiree
Desmond
Devlin
Diamond
Diana
Dianna
Dick
Dickey
Dickie
Dickinson
Dickson
Dill
Dillie
Dillon
Dilly
Dina
Dinah
Dine
Dixon
Dobbin
Dollie
Dolly
Dolores
Dom
Dominic
Dominick
Domnick
Don
Donal
Donald
Donaldson
Donnell
Donovan
Dora
Dorah
Dorcas
Dore
Doreen
Doria
Doris
Dorothea
Dorothy
Dorthea
Dorthy
Dot
Douglas
Douglass
Downing
Doyle
Drake
Drew
Drusilla
Dudley
Duff
Duffy
Dugald
Duke
Dunbar
Duncan
Dunn
Dunne
Dyer
Eadie
Eadith
Earl
Earle
Earnest
Easter
Easy
Eaton
Ebenezer
Ed
Eda
Edd
Eddie
Eddy
Eden
Edgar
Edge
Edger
Edie
Edin
Edith
Editha
Edmon
Edmond
Edmund
Edna
Edward
Edwards
Edwin
Edwina
Edythe
Effie
Egbert
Eileen
Eily
Elaine
Elan
Elanor
Eldon
Ele
Eleanor
Eleanora
Eleanore
Eleen
Elen
Elena
Elene
Elenor
Elenore
Elfrida
Eli
Elia
Elias
Elicia
Elie
Elijah
Elinor
Elisa
Elisabet
Elisabeth
Elise
Elisha
Elissa
Eliza
Elizabet
Elizabeth
Elizbeth
Elizebeth
Elizia
Elizza
Ella
Ellan
Elle
Ellen
Ellene
Ellenor
Ellie
Ellin
Elliot
Elliott
Ellis
Ellison
Ellon
Elly
Elma
Elsa
Elsie
Elspeth
Elvin
Elvina
Elvira
Elwood
Ely
Ema
Emanuel
Emelda
Emelia
Emeline
Emely
Emerson
Emile
Emilia
Emilie
Emiline
Emily
Emlyn
Emma
Emmaline
Emmanuel
Emmeline
Emmet
Emmett
Emmie
Emmy
Emy
Ena
Engelbert
England
English
Enid
Ennis
Enoch
Ephraim
Era
Eric
Erie
Erin
Erina
Ernest
Ernestine
Ernie
Ernst
Erskine
Erwin
Esma
Esme
Essay
Essie
Essy
Estella
Estelle
Ester
Esther
Ethel
Ether
Etta
Ettie
Etty
Eugane
Eugen
Eugene
Eugenia
Eugenie
Eunice
Euphemia
Eustace
Eva
Evaleen
Evan
Evangelina
Evangeline
Evans
Eve
Eveleen
Evelin
Evelina
Eveline
Evelyn
Everard
Everett
Evey
Evy
Eward
Ewart
Ewen
Ewing
Eyre
Ezekiel
Ezra
Fair
Faith
Faithful
Falkner
Fancy
Fanney
Fannie
Fanning
Fanny
Farrel
Farrell
Fate
Fay
Felicia
Felix
Fell
Ferdinand
Ferdy
Fergus
Ferguson
Ferris
Field
Fielding
Fim
Findlay
Finlay
Finley
Finn
Firth
Fisher
Fitz
Fitzgerald
Fleming
Fletcher
Flor
Flora
Florance
Florella
Florence
Floria
Florie
Florina
Florinda
Florine
Florrie
Florry
Flory
Flossie
Floyd
Flynn
Foley
Foot
Forbes
Ford
Forest
Forrest
Forster
Foster
Fowler
Fox
Foy
Fran
Franc
Frances
Francess
Francies
Francis
Franck
Francois
Frank
Frankie
Franklin
Franks
Frannie
Frans
Fras
Fraser
Frazer
Fred
Freda
Freddie
Freddy
Frederic
Frederica
Frederick
Fredric
Fredrick
Free
Freeman
Freida
French
Frieda
Fritz
Fullerton
Fulton
Furlong
Gabriel
Gabrielle
Gage
Galbraith
Gallagher
Galloway
Galvin
Gamble
Gardiner
Gardner
Garfield
Garland
Garner
Garnet
Garret
Garrett
Garvin
Gaston
Gavan
Gavin
Gay
Genevieve
Gennie
Geoffrey
Geoffry
George
Georgena
Georgia
Georgiana
Georgianna
Georgie
Georgina
Georgine
Gerald
Geraldine
Gerard
Gerrard
Gerry
Gert
Gertie
Gertrud
Gertrude
Gerty
Ges
Getty
Gibb
Gibbon
Gibson
Gideon
Gifford
Gilbert
Giles
Gill
Gillespie
Gilligan
Gilly
Gilmore
Ginnie
Given
Gladstone
Gladys
Glasgow
Glass
Glen
Glenn
Glover
Glynn
Godfrey
Godfry
Godwin
Goff
Goodman
Goodwin
Gordan
Gorden
Gordon
Gore
Gorge
Grace
Gracie
Graham
Grahame
Grant
Granville
Graves
Gray
Green
Greene
Greenfield
Greer
Gregg
Gregory
Greta
Gretta
Grey
Grier
Griffin
Griffith
Grimes
Grove
Groves
Gunning
Guss
Gussie
Gustav
Gustave
Gustavus
Guthrie
Guy
Gwendolen
Gwendoline
Gwendolyn
Hairy
Hale
Hall
Hamill
Hamilton
Hammond
Hampton
Han
Hana
Hanah
Hand
Hanna
Hannagh
Hannah
Hannie
Hanny
Hanora
Hanorah
Hanoria
Hans
Hanson
Harbert
Harcourt
Harden
Harding
Hardy
Hare
Harland
Harley
Harman
Harold
Harper
Harrie
Harries
Harriet
Harriett
Harrietta
Harriette
Harrington
Harriot
Harriott
Harris
Harrison
Harry
Hart
Harte
Hartley
Harvey
Haslett
Hastings
Hattie
Hatty
Hawthorn
Hawthorne
Hay
Hayden
Hayes
Hazel
Hazlett
Hebert
Hector
Hedwig
Helen
Helena
Helene
Hen
Henderson
Henery
Henley
Henna
Henri
Henrie
Henrietta
Henriette
Henry
Henryetta
Herbert
Hercules
Herman
Hermann
Hermione
Hermon
Herold
Heron
Hervey
Hesse
Hessie
Hester
Hesther
Hettie
Hetty
Hew
Hewitt
Hey
Hickey
Hilary
Hilda
Hill
Hillard
Hillie
Hilton
Hinton
Hiram
Hobart
Hobbs
Hogan
Holden
Holland
Holly
Hollywood
Holmes
Holt
Homer
Hone
Honer
Honey
Honor
Honora
Honoria
Honour
Hood
Hope
Hopkins
Hora
Horace
Horatio
Houston
Howard
Howe
Howell
Hoy
Hoyle
Hubert
Hudson
Hue
Huey
Huge
Hugh
Hughes
Hughie
Hugo
Hull
Hume
Humphrey
Hunt
Hunter
Hurst
Huston
Hutton
Hyacinth
Hyde
Hyman
Ian
Ida
Ignatius
Ila
Ilene
Imelda
Inglis
Ingram
Innocent
Ino
Ira
Ireland
Irena
Irene
Iris
Irvin
Irvine
Irving
Irwin
Isaac
Isabel
Isabell
Isabella
Isabelle
Isac
Isadore
Isaiah
Isiah
Isidore
Isobel
Issac
Iva
Ivan
Ive
Ivor
Ivy
Jack
Jackie
Jackson
Jacob
Jain
Jaine
Jame
James
Jameson
Jamesy
Jamey
Jamie
Jamima
Jamison
Jan
Jana
Jane
Janes
Janet
Janetta
Janette
Janey
Janie
Janna
Jannie
Jany
Jared
Jarret
Jarrett
Jarvis
Jason
Jasper
Jean
Jeane
Jeanette
Jeanie
Jeanna
Jeanne
Jeannette
Jeannie
Jeff
Jeffery
Jeffrey
Jelly
Jem
Jemie
Jemima
Jemimah
Jemmie
Jemmy
Jenkins
Jennet
Jennette
Jennie
Jennings
Jenny
Jerald
Jereme
Jeremiah
Jermiah
Jerome
Jerrie
Jerry
Jervis
Jes
Jess
Jesse
Jessey
Jessica
Jessie
Jessy
Jilly
Jim
Jimmie
Jimmy
Jo
Joachim
Joan
Joana
Joanna
Joanne
Job
Jocelyn
Jock
Joe
Joesph
Joey
Johan
Johana
Johanah
Johann
Johanna
Johannah
John
Johna
Johnathan
Johney
Johnie
Johnna
Johnnie
Johnny
Johns
Johnson
Johnston
Johny
Joice
Jon
Jonas
Jonathan
Jones
Jordan
Jorge
Jose
Josef
Joseph
Josepha
Josephin
Josephina
Josephine
Josey
Josh
Joshua
Josiah
Josie
Josy
Joy
Joyce
Juanita
Judah
Jude
Judith
Judy
Jules
Julia
Julian
Juliana
Juliane
Juliann
Julianna
Julianne
Julie
Juliet
Juliette
Julina
Julius
July
June
Justin
Justina
Kale
Kane
Kare
Karl
Kat
Kata
Kate
Katee
Katerine
Katey
Kath
Katharina
Katharine
Katherina
Katherine
Kathie
Kathleen
Kathrine
Kathryn
Kathy
Katie
Katleen
Katrina
Katrine
Kattie
Katty
Katy
Kaye
Keane
Kearney
Keary
Keeley
Keenan
Kelly
Kendal
Kennedy
Kenneth
Kennie
Kenny
Keogh
Kerr
Kerry
Kettie
Ketty
Kevin
Kidd
Kieran
Killy
King
Kingsley
Kingston
Kirk
Kit
Kite
Kittie
Kitty
Knight
Knowles
Knox
Kyle
Lacey
Lack
Lackey
Lacy
Lady
Laird
Lake
Lamb
Lambert
Lamont
Lancaster
Lance
Lancelot
Lander
Lane
Laney
Lang
Langley
Lannie
Lara
Larry
Lauder
Laura
Laurance
Laure
Laurence
Laurene
Laurie
Lavena
Lavina
Lavinia
Law
Lawerence
Lawless
Lawrence
Lawson
Lazarus
Lea
Leah
Leak
Lean
Leanna
Leanora
Ledger
Lee
Leena
Lees
Leger
Leigh
Leila
Leland
Lelia
Lemon
Lena
Lenard
Lenna
Lennard
Lennon
Lenora
Lenore
Leo
Leon
Leona
Leonard
Leonie
Leonora
Leonore
Leopold
Lesley
Leslie
Lessie
Lester
Leta
Leticia
Letisha
Letitia
Letta
Lettie
Letty
Levi
Lewes
Lewis
Lezzie
Libby
Lidia
Lila
Lilah
Lilas
Lilia
Lilian
Lilias
Lilla
Lille
Lillian
Lillie
Lilly
Lily
Linda
Linden
Lindsay
Lindsey
Linnie
Linton
Lionel
Lisa
Lisabeth
Lisette
Lisha
Lissie
Lissy
Lister
Little
Litton
Livingston
Livingstone
Livy
Liza
Lizabeth
Lizbeth
Lizie
Lizze
Lizzie
Lizzy
Llewellyn
Lloyd
Loe
Logan
Lois
Lola
Lombard
Long
Lora
Lord
Lorenzo
Loretta
Lorna
Lot
Lott
Lottie
Lotty
Louie
Louis
Louisa
Louise
Lousia
Love
Low
Lowe
Lowery
Lucas
Luce
Lucia
Lucie
Lucien
Lucinda
Lucius
Lucretia
Lucy
Ludwig
Luigi
Luis
Luisa
Luke
Lulu
Luther
Lydia
Lydie
Lyle
Lynch
Lyndon
Lynn
Lyon
Lyons
Mabel
Mable
Mack
Maddie
Madelaine
Madeleine
Madelene
Madelin
Madelina
Madeline
Madge
Madgie
Mady
Magaret
Magdalen
Magdalena
Magdalene
Maggee
Maggi
Maggie
Maggy
Magie
Magret
Mai
Mains
Maire
Maisie
Major
Mal
Malachi
Malachy
Malcolm
Malinda
Malone
Malvina
Mamie
Manda
Mandy
Manes
Mann
Mannie
Manning
Mano
Manon
Mansfield
Manson
Manuel
Manus
Mar
Mara
Maragret
Maratha
Marcela
Marcella
Marcia
Marcus
Marcy
Mare
Marey
Margaret
Margareta
Margarete
Margarett
Margaretta
Margarette
Margart
Marge
Margeret
Margert
Margery
Marget
Margie
Margit
Margrat
Margreat
Margret
Margrett
Margretta
Marguerite
Mari
Maria
Mariam
Marian
Mariana
Mariann
Marianna
Marianne
Marice
Marie
Mariel
Marin
Marina
Marine
Mario
Marion
Maris
Marius
Marjorie
Marjory
Mark
Market
Marlin
Marmaduke
Marriott
Marry
Marshal
Marshall
Mart
Marta
Marten
Martha
Marthe
Martian
Martie
Martin
Martina
Marting
Martins
Marty
Martyn
Mary
Marya
Maryan
Maryane
Maryann
Maryanna
Maryanne
Maryellen
Maryjane
Marys
Mason
Massey
Mat
Mata
Math
Mather
Mathew
Mathews
Mathias
Mathilda
Mathilde
Matilda
Matilde
Matt
Matthew
Matthews
Matthias
Mattie
Matty
Maud
Maude
Maudie
Maura
Maureen
Maurice
Maurie
Maurise
Max
Maxwell
May
Mayan
Maye
Mayer
Maynard
Mayne
Meade
Meaghan
Meany
Meggie
Meggy
Mel
Melina
Melinda
Melissa
Mellie
Melville
Mendel
Mercer
Mercy
Meredith
Merry
Mervin
Meta
Mia
Mich
Michael
Michail
Michal
Michale
Micheal
Michel
Michell
Mick
Mickey
Mickie
Micky
Middleton
Mignon
Mik
Mike
Mikel
Mikey
Mildred
Mildrid
Miles
Milford
Milicent
Mill
Miller
Millicent
Millie
Mills
Milly
Milo
Milton
Mina
Mine
Minna
Minne
Minni
Minnie
Minny
Mira
Miriam
Mitchel
Mitchell
Moggie
Moira
Mollie
Molly
Mona
Monica
Montague
Montgomery
Moody
Moon
Mooney
Moor
Moore
Mora
Moran
More
Morey
Morgan
Moria
Morie
Morley
Morris
Morrison
Morrow
Mortimer
Morton
Morty
Mos
Mose
Moses
Mosey
Moss
Mosses
Mossy
Moy
Moyra
Muir
Mullen
Mulligan
Munro
Murdoch
Murdock
Murial
Muriel
Murphy
Murray
Murry
Myer
Myles
Myra
Myrtle
Nan
Nana
Nance
Nancey
Nancie
Nancy
Nanette
Nannette
Nannie
Nanno
Nanny
Nano
Naomi
Napier
Nappie
Nappy
Nara
Nary
Nash
Nathalie
Nathan
Nathanael
Nathanial
Nathaniel
Nea
Neal
Neale
Neall
Nealy
Ned
Neddie
Neddy
Neel
Neely
Nehemiah
Neil
Neill
Neils
Nelie
Nell
Nellie
Nelly
Nelson
Nessie
Nessy
Nesta
Nester
Netta
Nettie
Neville
Nevin
Newman
Newport
Newton
Nial
Niall
Nichol
Nicholas
Nicholson
Nick
Nickles
Nickolas
Nicolas
Nicolina
Niel
Nigel
Nils
Nina
Nita
Nixon
Noah
Noble
Noel
Nolan
Nona
Nonah
Nonie
Nora
Norah
Norbert
Norma
Norman
Norris
Norry
North
Norton
Nova
Octavia
Octavius
Olaf
Oldfield
Olga
Olive
Oliver
Olivia
Olivie
Olympia
Oriel
Orlando
Osbert
Osborn
Osborne
Oscar
Osmond
Osmund
Oswald
Otto
Owen
Owens
Paddie
Paddy
Padraig
Page
Palmer
Pamela
Par
Park
Parke
Parker
Parkinson
Parnell
Parr
Parsons
Pat
Pate
Pater
Paterson
Patience
Paton
Patric
Patrica
Patrice
Patricia
Patrick
Patsy
Patt
Patterson
Pattie
Patton
Patty
Paul
Paula
Paulina
Pauline
Paxton
Payne
Pearce
Pearl
Pearson
Peder
Pedro
Peel
Peggie
Peggy
Peirce
Penelope
Penny
Perceval
Percival
Percy
Perry
Persis
Perter
Pete
Peter
Peters
Petr
Peyton
Phebe
Phil
Philip
Philippa
Philips
Phillip
Phillips
Phillis
Philomena
Phoebe
Phylis
Phyllis
Pierce
Pierre
Piers
Pieter
Pim
Pollock
Polly
Poole
Pope
Porter
Powell
Power
Pratt
Preston
Price
Primrose
Prince
Prior
Priscella
Priscilla
Prudence
Purcell
Quarry
Queen
Queenie
Quentin
Quin
Quinlan
Quinn
Quintin
Quinton
Rachael
Rachel
Rae
Rafferty
Ralph
Ramsay
Ramsey
Randal
Randall
Randell
Randolph
Rankin
Raphael
Rat
Ray
Raymond
Rea
Reb
Reba
Rebbecca
Rebeca
Rebecca
Rebecka
Rebeka
Rebekah
Red
Redmond
Ree
Reed
Rees
Reeves
Regan
Reggie
Regina
Reginald
Reid
Reilly
Ren
Rena
Rennie
Reta
Reuben
Rex
Reynold
Reynolds
Rhoda
Rhodes
Rhody
Rhona
Ricard
Rice
Rich
Richard
Richards
Richardson
Richie
Richmond
Rick
Rickard
Ring
Riordan
Rita
Ritchie
Rob
Robb
Robbert
Robbie
Robby
Robe
Robena
Robert
Roberta
Roberts
Robertson
Robin
Robina
Robinson
Robson
Roby
Roche
Roda
Roddie
Roddy
Roderic
Roderick
Rodge
Rodger
Rodgers
Rodney
Rodolph
Rodrick
Rody
Roe
Roes
Roger
Rogers
Roland
Rolland
Rollo
Ronald
Ros
Rosa
Rosabel
Rosabella
Rosaleen
Rosalia
Rosalie
Rosalind
Rosaline
Rosamond
Rosamund
Rosana
Rosanna
Rosanne
Rose
Roseann
Roseanna
Roseanne
Roseline
Rosella
Rosemary
Rosena
Rosetta
Rosette
Rosey
Rosie
Rosina
Ross
Rossie
Rosy
Rowan
Rowena
Rowland
Roy
Royal
Roze
Ruben
Rubie
Rubin
Rubina
Ruby
Rudolph
Rufus
Rupert
Rush
Russel
Russell
Ruth
Rutherford
Ruthie
Rutledge
Ryan
Sabina
Sabine
Sadie
Sage
Sallie
Sally
Salome
Sam
Sammy
Sampson
Samson
Samuel
Sanders
Sanderson
Sandie
Sandy
Sara
Sarah
Saran
Sarrah
Saul
Saunders
Saunderson
Savage
Sayers
Scot
Scott
Sebastian
Sebina
Seeds
Selena
Selia
Selina
Selma
Sena
Seth
Seton
Seumas
Seward
Sexton
Seymour
Shane
Shannon
Sharpe
Shaun
Shaw
Shawn
Sheela
Sheelagh
Sheelah
Sheila
Sheldon
Shelia
Shepherd
Sheppard
Sheridan
Sheriff
Sherlock
Sherwood
Shirley
Sibby
Sibyl
Sicily
Sidney
Silas
Silvester
Sim
Simeon
Simon
Simpson
Sims
Sinclair
Sinon
Sissie
Sissy
Sloan
Sloane
Smiley
Smith
Sofia
Solomon
Somerset
Sophey
Sophia
Sophie
Spence
Spencer
Stacia
Stafford
Standish
Stanford
Stanislaus
Stanley
Stanly
Staples
Stasia
Statia
Steed
Steel
Steele
Stella
Stephan
Stephanie
Stephen
Stephens
Stephenson
Sterling
Steven
Stevens
Stevenson
Steward
Stewart
Stirling
Stokes
Storey
Strange
Stuart
Sue
Sullivan
Susan
Susana
Susann
Susanna
Susannah
Susanne
Susette
Susie
Sutherland
Sutton
Suzanna
Suzette
Swan
Sweeney
Swift
Sybil
Sydney
Sylvester
Sylvia
Symon
Tabitha
Tait
Talbot
Tam
Tamar
Tanny
Tara
Tate
Taylor
Teddie
Teddy
Teena
Tempe
Temperance
Temple
Templeton
Terence
Teresa
Terese
Teressa
Terrance
Terrence
Terry
Tessie
Tessy
Thaddeus
Thaddus
Thade
Thadeus
Thady
Thelma
Theo
Theobald
Theodora
Theodore
Theodosia
Theresa
Therese
Theressa
Thomas
Thomasina
Thomasine
Thompson
Thomson
Thornton
Tilda
Tillie
Tilly
Tim
Timmie
Timmy
Timothy
Tina
Tiny
Tish
Titus
Tobias
Tobin
Toby
Tod
Todd
Tom
Tomas
Tommie
Tommy
Tone
Torrens
Townsend
Tracey
Travers
Trench
Tresa
Tressa
Trevor
Tudor
Tully
Turner
Turtle
Ulick
Una
Unity
Uriah
Ursula
Usher
Val
Valentina
Valentine
Vance
Vaughan
Vera
Vere
Vernon
Veronica
Vic
Victor
Victoria
Vida
Vina
Vincent
Viola
Violet
Violetta
Violette
Virgina
Virginia
Vivian
Vivien
Vivienne
Wade
Wakefield
Walker
Wallace
Waller
Wallis
Walsh
Walter
Walters
Walton
Ward
Warden
Waring
Warner
Warren
Warwick
Washington
Water
Waters
Watson
Watt
Watter
Watts
Waugh
Webb
Webster
Weir
Weldon
Wellie
Wellington
Wells
Welsh
Wesley
West
Westley
Weston
Wharton
Whilhelmina
Whitby
White
Whitfield
Whitley
Whittaker
Wight
Wilberforce
Wilemina
Wiley
Wilford
Wilfred
Wilfrid
Wilhelm
Wilhelmina
Wilhelmine
Wilkinson
Will
Willa
Willam
Willamina
Willeam
Willes
Willey
William
Williams
Williamson
Willian
Willie
Willina
Willis
Wills
Willy
Wilson
Wilton
Winder
Windsor
Winefred
Winfred
Winifred
Winifreda
Winne
Winnie
Winnieford
Winnifred
Winny
Winston
Winter
Wolf
Wolfe
Wolseley
Wolsey
Wood
Woods
Worthington
Wright
Wylie
Wyndham
Wynne
Xavier
Young
Zachariah
Zara
Zoe
Westly
Webber
Wallice
Vie
Victora
Vena
Trew
Trant
Toney
Tighe
Therisa
Tery
Tennie
Tennant