7th,Seventh
A
According
Adherent
Admitting
Advent
Adventist
Age
Agnostic
All
Almighty
America
American
An
Anabaptist
And
Anglican
Anglo
Annunciation
Another
Any
Anything
Apostolic
Are
Armenian
Army
As
Ass,Assembly
Assembly
Association
At
Atheist
Attached
Attender
Attending
Attends
Baptise
Baptised
Baptism
Baptist
Baptize,Baptise
Baptized,Baptised
Bavarian
Be
Believe
Believer
Believing
Belong
Belonging
Belongs
Bible
Birth
Black
Blood
Blue
Body
Bohemian
Bondage
Borgian
Born
Both
Br,Brethren
Bread
Breaking
Bren,Brethren
Brethren
Broad
Bros,Brother
Brother
Brotherhood
Brought
Buddhist
But
By
Called
Calvinist
Calvinistic
Canada
Canadian
Cannot
Care
Cat,Catholic
Catholic
Ch,Church
Chapel,Church
Charge
Child
Children
Chinese
Christ
Christadelphian
Christian
Christianity
Christians
Church
Column
Come
Comers
Coming
Commonly
Community
Companion
Comply
Con
Conformist
Congregation
Congregational
Congregationalist
Connected
Connection
Connexion
Converted
Covenanter
Creed
Creedless
Day
Decide
Decided
Decline
Declined
Declines
Defined
Deist
Denom,Denomination
Denomination
Denominational
Descriptive
Designated
Disciple
Discretion
Disestablished
Dissenter
Don't
Dutch
E,England
Each
Eastern
Eng,England
England
English
Entered
Episcopal
Episcopalian
Error
Est,Established
Established
Ethical
Evangelic
Evangelical
Evangelist
Evangelistic
Ex,Exclusive
Exclusive
Faith
Fellowship
Fine
Fine-Thinker
First
Fixed
Follower
For
Form
Formerly
France
Free
Freed
Freethinker,Free Thinker
French
Friend
Friends
Further
Gaelic
Gathered
Gen,General
General
Generally
Gentile
German
Germany
Given
Giving
God
Gods,God's
Goes
Golden
Good
Gospel
Grace
Greek
Hall
Have
Heathen
Hebrew
Hebrews
High
His
Holiness
Holy
House
Humanity
I,Ireland
Ideas
Identified
Idolater
Idolatrous
In
Indaism
Independent
Information
Inparticular,In Particular
Instituted
Institution
Instruction
Invisible
Ire,Ireland
Ireland
Irish
Is
Israel
Israelite,Jewish
Jerusalem
Jesus
Jew
Jewess,Jew
Jewish
Judaism
Junior
Kirk,Church
Know
Knowledge
Known
Late
Latitudinarian
Latter
Light
List
Living
Lodging
Lord
Loves
Low
Luther
Lutheran
Made
Man
Maturity
Meeting
Meets
Mem,Member
Member
Met,Methodist
Method,Methodist
Methodism
Methodist
Methods,Methodist
Mission
Moravia
Moravian
Mormon
Mosaic
Mother
Mouth
Movement
Musalsnan,Musulman
Must
Name
Names
National
Naturalist
Neutral
New
Nil,None
No
Nominal
Non
Nonconformist
None
Nonsectarian
Nor
Norway
Norweyian,Norwegian
Not
Note
Nothing
Of
Old
On
Once
One
Only
Open
Or
Orange
Orangeman
Orangism
Order
Original
Originally
Orthodox
Other
Otherwise
Our
Own
Papal
Papist
Particular
People
Person
Persuasion
Persuasions
Pilgrim
Place
Plymouth
Positivist
Pres,Presbyterian
Presbyter,Presbyterian
Presbyterian
Presentation
Primitive
Profess
Professed
Progressive
Promise
Protest,Protestant
Protestant
Protestants
Quaker
Quakeress,Quaker
Quakers
R,Roman
Radical
Rational
Rationalist
Rationalistic
Receiving
Ref,Reformed
Refined
Reform,Reformed
Reformed
Reformer
Refused
Regenerated
Religion
Religions
Religious
Remonstrant
Respectfully
Responsible
Rewarded
Roman
Rome
Russian
Sabbatarian
Saint
Saints
Salvation
Salvationist
Saved
Scientist
Scot,Scotland
Scotch,Scottish
Scotland
Scots,Scottish
Scott,Scotland
Scottish
Seceder
Seceding
Secession
Sect
Sectarian
Seeker
Separated
Separatist
Seventh
Seventhday,Seventh Day
Sinner
Sister
So
Socialism
Socialist
Society
Son
Special
Spiritualist
State
Stated
Subs,Subscribing
Subscribing
Succession
Sweden
Swedenborg
Swedenborgian
Swedish
Swiss
Switzerland
Synagogue
Thank
The
Theist
Theosophist
Thinker
Thinking
This
Those
To
Too
True
Un
Unattached
Unconverted
Undecided
Undefined
Undenominational,Nondenominational
Under
Understanding
Union
Unionist
Unitarian
Unitarianism
United
Universal
Universalist
Unknown
Unsaved
Unsectarian,Nonsectarian
Up
Usually
Waldensian
Wales
Was
Welsh
Wesley
Wesleyan
West
Whenever
Which
Who
Whose
With
Without
World
Worshipping
Written
Years
Yet
Young
Zwinglian
