Read and write,Read Write
Cannot read,Illiterate
Read,Read
Can read and write,Read Write
Read write,Read Write
Read only,Read
Cannot read or write,Illiterate
Read and rite,Read Write
Can read,Read
Cannot,Illiterate
No,Illiterate
Cant read or write,Illiterate
Can read only,Read
Can read write,Read Write
Cannot read and write,Illiterate
Yes,Read Write
Read and wright,Read Write
Cannot read nor write,Illiterate
Cant read,Illiterate
Canot read,Illiterate
Scholar,Read Write
Both,Read Write
R and w,Read Write
Read rite,Read Write
Cannot write,Read
R and write,Read Write
Read and right,Read Write
Neither,Illiterate
Reed and write,Read Write
Read and Write,Read Write
Can read and rite,Read Write
Not read,Illiterate
Write and read,Read Write
Read an write,Read Write
Cannot read write,Illiterate
Not read or write,Illiterate
Read and w,Read Write
Read a write,Read Write
Cannot r or w,Illiterate
Read and writ,Read Write
Both read and write,Read Write
Canot read or write,Illiterate
Cannot read or w,Illiterate
Read wright,Read Write
Reads and writes,Read Write
Cannot read or rite,Illiterate
Cannot Read,Illiterate
Cannot r or write,Illiterate
Red and write,Read Write
Nil,Illiterate
Yes read and write,Read Write
Reid and write,Read Write
Can read or write,Read Write
Can read and w,Read Write
Cannott read,Illiterate
Read and wrte,Read Write
Read or write,Read Write
Neither read or write,Illiterate
Reed and rite,Read Write
Unknown,Unknown
R write,Read Write
Rd and write,Read Write
Write,Write
Infant,Illiterate
Can Read and write,Read Write
R w,Read Write
Read right,Read Write
Can't read or write,Illiterate
Cant read nor write,Illiterate
Read not write,Read
Neither read nor write,Illiterate
Reade and write,Read Write
Reed write,Read Write
Scholars,Read Write
Can't read,Illiterate
Read and c write,Read Write
Not,Illiterate
Can r and write,Read Write
Read nor write,Illiterate
Educated,Read Write
Cant read and write,Illiterate
Can read rite,Read Write
Read Write,Read Write
Illiterate,Illiterate
Write read,Read Write
Can not read,Illiterate
Read onely,Read
Can r and w,Read Write
Cannot reed,Illiterate
Read and wite,Read Write
Read and wr,Read Write
Cannot red,Illiterate
Can read and wright,Read Write
Read and write yes,Read Write
Reed,Read
Cannot r,Illiterate
Can read and right,Read Write
Can write,Read
Read-write,Read Write
Read and write both,Read Write
Read Only,Read
Yes both,Read Write
Read cannot write,Read
Connot read,Illiterate
Not read nor write,Illiterate
Cannot r w,Illiterate
Not read and write,Illiterate
Can,Read Write
Can read an write,Read Write
At school,Read Write
Cannt read,Illiterate
Cant read or rite,Illiterate
Read an rite,Read Write
Wread and write,Read Write
Read w,Read Write
Cannot Read or write,Illiterate
Read writ,Read Write
Cannot rd or write,Illiterate
Riad and write,Read Write
Cannot write or read,Illiterate
Can do both,Read Write
C read and write,Read Write
School,Read Write
Reade write,Read Write
Cannot reid,Illiterate
Not read write,Illiterate
Cant read write,Illiterate
Rread and write,Read Write
Can write and read,Read Write
Cant,Illiterate
Write only,Write
Cannot read or writ,Illiterate
Read and writes,Read Write
Can both read and write,Read Write
Reed and right,Read Write
Can read w,Read Write
Read a rite,Read Write
Reads and write,Read Write
Cannot read nor rite,Illiterate
Can reed and write,Read Write
Can read and writ,Read Write
Cannot reade,Illiterate
Red write,Read Write
Cant write,Read
Cannot read and c,Illiterate
Reid write,Read Write
Cannot rd,Illiterate
Cannot Read or Write,Illiterate
Reed and wright,Read Write
Can read and wr,Read Write
Read and,Read Write
Cannot read or,Illiterate
Cannot read or wr,Illiterate
Reid and rite,Read Write
Canot read or rite,Illiterate
Can read a write,Read Write
No cannot read,Illiterate
Cannot read cannot write,Illiterate
No education,Illiterate
Read and rit,Read Write
Can not,Illiterate
Reed rite,Read Write
Cannot read or wright,Illiterate
Cannot r and w,Illiterate
Can read and writee,Read Write
Cannot read rite,Illiterate
Cannott read or write,Illiterate
Cannot read and w,Illiterate
C read,Read
Redd and write,Read Write
Cannot read w,Illiterate
Read on write,Read Write
R and W,Read Write
Reed only,Read
No no,Illiterate
Read and wri,Read Write
Only read,Read
Can read not write,Read
?,Unknown
Cant r or w,Illiterate
Child,Illiterate
Dont read or write,Illiterate
Read and wrt,Read Write
Scolar,Read Write
Cannot read or right,Illiterate
Canot,Illiterate
Cannot read not write,Illiterate
Reade,Read
Cannot read and rite,Illiterate
Cannot not read,Illiterate
Not read or rite,Illiterate
Reads only,Read
Read and wrigh,Read Write
Cannot red or write,Illiterate
Canot reed,Illiterate
At School,Read Write
Can not read or write,Illiterate
Red and rite,Read Write
Cannot read or wrte,Illiterate
Read and r,Read Write
Rea and write,Read Write
Canot read and write,Illiterate
Cannott,Illiterate
Read and write scholar,Read Write
Read and writte,Read Write
Cannot read no,Illiterate
Cannot r nor w,Illiterate
Read and only,Read
Cannot read neither,Illiterate
Can r w,Illiterate
Going to school,Read Write
Can red and write,Read Write
He can read and write,Read Write
Can't read nor write,Illiterate
Read and Rite,Read Write
Cannot r write,Illiterate
Read and write educated,Read Write
Cant read or w,Illiterate
R and rite,Read Write
Canot read write,Illiterate
Attending school,Read Write
Can both,Read Write
Canot read nor write,Illiterate
Not write,Read
Cannot read or wrt,Illiterate
Schollar,Read Write
Reid,Read
Rd write,Read Write
Reaad and write,Read Write
Reads,Read
Can read cannot write,Read
Rad and write,Read Write
Cannot and read,Illiterate
Cannot r and write,Illiterate
Can neither read or write,Illiterate
Scollar,Read Write
Can reed,Read
Read and write and c,Read Write
Can read can write,Read Write
Cannot or write,Illiterate
Read and read,Read Write
Can read and wrte,Read Write
Read wrte,Read Write
Can Read and Write,Read Write
Read wite,Read Write
Can read and r,Read Write
Can read at write,Read Write
Read and write english,Read Write
Can reid and write,Read Write
Rite and read,Read Write
Boath,Read Write
Can r write,Read Write
Can reed and rite,Read Write
Reade and rite,Read Write
Can read or rite,Read Write
Cannot rite,Read
Can Read,Read
Learning,Read Write
C read write,Read Write
Can reed write,Read Write
Can read right,Read Write
Neither read and write,Illiterate
English,Read Write
Can rd and write,Read Write
Cant Read,Illiterate
Reed wright,Read Write
Cannot r nor write,Illiterate
No scholar,Read Write
Baby,Illiterate
R and r,Read Write
Can neither read nor write,Illiterate
Can read wright,Read Write
Not stated,Unknown
Cant r or write,Illiterate
Read and wrigt,Read Write
She can read and write,Read Write
Read or rite,Read Write
Yes read write,Read Write
Cannot read nor w,Illiterate
Not able to read or write,Illiterate
Cannot rea,Illiterate
Re and write,Read Write
Nill,Illiterate
Canot write,Read
Schoolar,Read Write
Not known,Unknown
Rread write,Read Write
All can read and write,Read Write
Read cannot,Illiterate
Both read write,Read Write
R W,Read Write
Cant read nor rite,Illiterate
Reid and wright,Read Write
Yes can read and write,Read Write
Reead and write,Read Write
Read cant write,Read Write
Cannot read only,Read
Read and wre,Read Write
Read and wte,Read Write
Cannot either,Illiterate
Cannt read or write,Illiterate
Reed right,Read Write
He read and write,Read Write
Read onley,Read
Can read and,Read Write
Can read writ,Read Write
Read and not write,Read
Can read wr,Read Write
Can read and c write,Read Write
Read not rite,Read
Cannot re,Illiterate
Both r and w,Read Write
Too young,Illiterate
Can reade and write,Read Write
Cannot rad,Illiterate
Read Rite,Read Write
Read a little,Read
Can and write,Read Write
No read,Illiterate
Can read and wite,Read Write
Read and Right,Read Write
Not at school,Illiterate
Not r or write,Read Write
Cant reed,Illiterate
Read and writer,Read Write
Can read an rite,Read Write
Read o write,Read Write
Read write and c,Read Write
Cannot riad,Illiterate
No read or write,Illiterate
Read write etc,Read Write
Cannot and write,Illiterate
Reade rite,Read Write
Cannot read or wri,Illiterate
She read and write,Read Write
Cannot read are write,Illiterate
Yes Read and write,Read Write
Can only read,Read
Cant say,Unknown
Cannot Read and write,Illiterate
Read c write,Read Write
Reid only,Read
Reid and right,Read Write
Both Read and write,Read Write
Read and wrighte,Read Write
Reade only,Read
Reand and write,Read Write
Cannot read none,Illiterate
Can rite,Write
Red,Read
Reads writes,Read Write
Can write read,Read Write
Read and W,Read Write
Can reade,Read
Not reed,Illiterate
All read and write,Read Write
Cannot read o write,Illiterate
Read and wight,Read Write
Read an right,Read Write
Not read not write,Illiterate
Neather,Illiterate
Able to read and write,Read Write
Canot red,Illiterate
Can't read and write,Illiterate
Can read and c,Illiterate
Not read or w,Illiterate
Can read a rite,Read Write
Write and write,Read Write
Can red,Read
Canno read,Illiterate
Read and Wright,Read Write
Cannot r or r,Illiterate
Rede and write,Read Write
Not educated,Illiterate
Can write only,Write
Cannot read or wite,Illiterate
Neighter,Illiterate
Read and wrght,Read Write
Nothing,Illiterate
Cannot read or r,Illiterate
Canot r or w,Illiterate
Scholar read and write,Read Write
Read rit,Read Write
Wread write,Read Write
Redd write,Read Write
Cannot redd,Illiterate
Can read and wrt,Read Write
Infants,Illiterate
CanNot read or write,Illiterate
Reed and writ,Read Write
W r,Read Write
Attending School,Read Write
Can do neither,Illiterate
Not able to read,Illiterate
Read and writh,Read Write
Cannot reid or write,Illiterate
Niether,Illiterate
Red and writ,Read Write
Cant read or wright,Illiterate
Canot read or w,Illiterate
Cant read rite,Illiterate
Read and ritte,Read Write
Dont read,Illiterate
Cannot not,Illiterate
W read and write,Read Write
Not able,Illiterate
Read but not write,Read
Can read onely,Read
Cannot reed or write,Illiterate
Read and wrie,Read Write
Can Read write,Read Write
Can read cant write,Read
Not read nor rite,Illiterate
Read in write,Read Write
Cannot read scholar,Illiterate
Cant read or right,Illiterate
Cannot rede,Illiterate
Cannot do either,Illiterate
Rite,Write
Read and write only,Read Write
She can read,Read
Cannot read or wirte,Illiterate
Red only,Read
Can reid,Read
Canott read,Illiterate
C read only,Read
Canot r or write,Illiterate
Unk,Unknown
Cannot read and wrt,Illiterate
C read or write,Read Write
Cannot no read,Illiterate
Cannot read or wt,Illiterate
Illitrate,Illiterate
Connot read or write,Illiterate
School boy,Read Write
Can r and r,Read Write
Read nor rite,Illiterate
No Education,Illiterate
Canot reid,Illiterate
Cann read,Read
Can read and wri,Read Write
Wreed and write,Read Write
Can riad and write,Read Write
Can not read nor write,Illiterate
Scoller,Read Write
Read and c,Read Write
He can read write,Read Write
Cannot read and writ,Illiterate
Scolars,Read Write
Read and write a little,Read Write
Read wri,Read Write
Cannot read and right,Illiterate
Cannot write and read,Illiterate
Cannot read or Write,Illiterate
He can read,Read
Reid rite,Read Write
Yes both read and write,Read Write
Read and writt,Read Write
C not read,Illiterate
Yes r and w,Read Write
Can read nor write,Read
Cannot reade or write,Illiterate
Read and white,Read Write
Cannot read nor right,Illiterate
Can read but not write,Read
Red and right,Read Write
Can r and wright,Read Write
Read and write Scholar,Read Write
Rite read,Read Write
Cant read and rite,Illiterate
Going to School,Read Write
Cannot read no write,Illiterate
Cannot read writ,Illiterate
Schollars,Read Write
Rad write,Read Write
Read wr,Read Write
Both r and write,Read Write
Neither cannot read,Illiterate
Read and wit,Read Write
Nether,Illiterate
Neither r or w,Illiterate
R wright,Read Write
Read but cannot write,Read
Not reed or write,Illiterate
Can read r,Read Write
Schoolars,Read Write
Cannot read and write either,Illiterate
Riad,Read
Red rite,Read Write
Cannot red write,Illiterate
Riad write,Read Write
Cannot rd and write,Illiterate
R r,Read Write
Cannot reat,Illiterate
Cannot read infant,Illiterate
Cannot r or wr,Illiterate
Cannot read a write,Illiterate
Can read and write yes,Read Write
Canot not read,Illiterate
Scholar read,Read
Could read and write,Read Write
Reaid and write,Read Write
Cant write or read,Illiterate
Cant reed or rite,Illiterate
Rea write,Read Write
Redd,Read
Cant rd or write,Illiterate
Cannot write nor read,Illiterate
Uneducated,Illiterate
Fair,Read Write
Re write,Read Write
Read and write education,Read Write
Read and rrite,Read Write
She cannot read or write,Illiterate
Cannot write read,Illiterate
Read and righ,Read Write
Canot read or wright,Illiterate
Read r,Read Write
Education,Read Write
R only,Read
Right and read,Read Write
Non,Illiterate
Read an wright,Read Write
Neither read write,Illiterate
Read and r write,Read Write
Cannot read and wright,Illiterate
Read and wirte,Read Write
Read and cannot write,Read
Cannot read wr,Illiterate
Read and Writ,Read Write
Read and rigt,Read Write
Canot r w,Illiterate
Unable to read or write,Illiterate
Yes Both,Read Write
Cannot read right,Illiterate
Read and write yes both,Read Write
Can r or w,Read Write
Can r or write,Read Write
Cannont read,Illiterate
Cannot read and wr,Illiterate
Can reid and rite,Read Write
Both r w,Read Write
Can red write,Read Write
R and wright,Read Write
Read and wrig,Read Write
Read only cannot write,Read
Read writh,Read Write
Reads write,Read Write
Read a right,Read Write
Can read wri,Read Write
Canot read rite,Illiterate
Read and wrtie,Read Write
Canot read nor rite,Illiterate
Can redd and write,Read
Cannott read nor write,Illiterate
Nither,Illiterate
Cannot wright,Read
Read no,Illiterate
Rread,Read
Good,Read Write
Cant reid,Illiterate
Reard and write,Read Write
Can reed only,Read
Canot reed or write,Illiterate
Cnt read or write,Illiterate
Can Read Only,Read
I can read and write,Read Write
Cnot read or write,Illiterate
R and right,Read Write
R and Write,Read Write
Iliterate,Illiterate
Cannot read of write,Illiterate
Read and write braille,Read Write
Both can read and write,Read Write
Cannot read and wrte,Illiterate
N read or write,Illiterate
Can read and wrigt,Read Write
Read and writee,Read Write
Cannot rd or w,Illiterate
She can read write,Read Write
Read scholar,Read
Read or right,Read Write
R and writ,Read Write
Neither read or rite,Illiterate
Educated read and write,Read Write
Not yet,Illiterate
R cannot read,Illiterate
Not red or write,Illiterate
Cannon read,Illiterate
Can not write,Read
Read wrigh,Read Write
Read wrigt,Read Write
Read r write,Read Write
Read and rites,Read Write
Schooler,Read Write
Cant r w,Illiterate
Cannot read and,Illiterate
Rea writ,Read Write
Cant rd or wrt,Illiterate
Reod and write,Read Write
Cannot read illiterate,Illiterate
Read write and cypher,Read Write
Cnot read,Illiterate
Read ad write,Read Write
Reaid write,Read Write
Connot red,Illiterate
R rite,Read Write
Read and write Yes,Read Write
Can wread and write,Read Write
English read and write,Read Write
Illeterate,Illiterate
Red and wite,Read Write
Cannot R or W,Illiterate
Can Read and Rite,Read Write
Do both,Read Write
Read and we,Read Write
Red and wright,Read Write
Rede write,Read Write
Can read on write,Read Write
Reed an write,Read Write
Cant read nor wr,Illiterate
Sholar,Read Write
Read an writ,Read Write
Canot r write,Illiterate
Read write yes,Read Write
Canot reade,Illiterate
Can neither,Illiterate
Cant read or wrte,Illiterate
Read and wt,Read Write
Cant read or writ,Illiterate
Cannot write cannot read,Illiterate
Can reaad and write,Read Write
Can rite and read,Read Write
Reat and write,Read Write
Cann read and write,Read Write
Rea,Read
Read an w,Read Write
Can r and rite,Read Write
Canott read or write,Illiterate
Read a wright,Read Write
W read,Read Write
Reede and write,Read Write
Schlor,Read Write
Cant rite,Read
Cannot reed or rite,Illiterate
Cant reed or write,Illiterate
C read and rite,Read Write
Cant read w,Illiterate
Read not wright,Read
Can all read and write,Read Write
Cannot read and r,Illiterate
Read and write etc,Read Write
Read writte,Read Write
School Boy,Read Write
She cannot read,Illiterate
Read and ?,Read Write
Cant read nor right,Illiterate
Rede rite,Read Write
Reed or rite,Read Write
C read and w,Read Write
Ried and write,Read Write
Can rd and wr,Read Write
Can read and write both,Read Write
Can read wrte,Read Write
Cannot neither,Illiterate
Know,Illiterate
Read a w,Read Write
Cant read or wr,Illiterate
Neather read or write,Illiterate
Can read and rigt,Read Write
R and wr,Read Write
Scholor,Read Write
Read - write,Read Write
Not read rite,Illiterate
Read yes write,Read Write
Reard write,Read Write
Cannot read or wte,Illiterate
Cannott read and write,Illiterate
Yes read and rite,Read Write
Cant read are write,Illiterate
No Scholar,Read Write
Cannot red and write,Illiterate
Read and rig,Read Write
School Girl,Read Write
Cant red,Illiterate
Cannot read or rit,Illiterate
Cannot read nor,Illiterate
Can reade write,Read Write
Cannot rd nor write,Illiterate
Not going to school,Illiterate
Can red and rite,Read Write
Can read wite,Read Write
Can red rite,Read Write
Reaad only,Read
Cannot read wright,Illiterate
r and write,Read Write
Bothe,Read Write
Cand read and write,Read Write
Cannot rad or write,Illiterate
Read ad rite,Read Write
Can reed rite,Read Write
Do read and write,Read Write
Can not read and write,Illiterate
Reed writ,Read Write
Read on rite,Read Write
Not r w,Illiterate
Cannot red or w,Illiterate
Read and write Both,Read Write
Can wright,Write
Read and warite,Read Write
No cannot,Illiterate
Cannot read yet,Illiterate
French only,Read Write
Read can,Read
R and yes w,Read Write
Cannot read r,Illiterate
Bouth,Read Write
Read or w,Read Write
Read and wrile,Read Write
Cannot wread,Illiterate
C not read or write,Illiterate
Read and rwrite,Read Write
Can read a r,Read Write
Rread and rite,Read Write
Read onl,Read
CanNot read and write,Illiterate
Can not read or rite,Illiterate
Can read and wirte,Read Write
Cannot w or r,Illiterate
Cannot reads,Illiterate
Rede and rite,Read Write
Read and rigte,Read Write
Reed and wrte,Read Write
Cannot red or rite,Illiterate
C read nor write,Illiterate
No cannot read or write,Illiterate
Cant read only,Illiterate
School girl,Read Write
He cannot,Illiterate
Cannot rite or read,Illiterate
R a write,Read Write
Neither r nor w,Illiterate
Cannot only,Illiterate
Can write can read,Read Write
R right,Read Write
Can read wrt,Read Write
Can Read only,Read
Can read and cannot write,Read
Read of write,Read Write
Rred write,Read Write
Dont read or rite,Illiterate
He cannot read or write,Illiterate
Cannot r or rite,Illiterate
He can read and rite,Read Write
Cannot write can read,Illiterate
Cannot reed nor write,Illiterate
Not write or read,Illiterate
Dont read write,Illiterate
Does not read or write,Illiterate
Cant either,Illiterate
Can right,Write
Cant r and w,Illiterate
Not read not rite,Illiterate
Reader writer,Read Write
Reade and right,Read Write
I can,Read Write
Cannot read nor wright,Illiterate
Cant read nor wright,Illiterate
Cannot re or write,Illiterate
Con read,Read
Canot read or wrte,Illiterate
Read and wrete,Read Write
read and write,Read Write
Scholar cannot read,Read
Read rite etc,Read Write
Can read not rite,Read
Cannot read nor wrte,Illiterate
Ca read and write,Read Write
Reed and writh,Read Write
Not read w,Illiterate
Not read or wr,Illiterate
Cannot r or writ,Illiterate
Read and wrigte,Read Write
Cannot reod,Illiterate
A little,Read Write
Cant read or rit,Illiterate
Can't write,Illiterate
Can read but cannot write,Read
Yess read and write,Read Write
Do not read or write,Illiterate
Neather read nor write,Illiterate
Reade and wright,Read Write
Cant read or wrt,Illiterate
No read nor write,Illiterate
Rite and write,Read Write
? and write,Read Write
Can r,Read
Rid and write,Read Write
Write and rd,Read Write
Fully educated,Read Write
Cannot r r,Illiterate
Children,Illiterate
Dont read and write,Illiterate
Read d write,Read Write
Read writer,Read Write
Cannot reid or rite,Illiterate
Rred and write,Read Write
Reead write,Read Write
Cannot Either,Illiterate
Read little,Read
Re and rite,Read Write
Cnnot read,Illiterate
Canot red or write,Illiterate
Yes r w,Read Write
Rite reed,Read Write
Cannot read or wre,Illiterate
Reaad write,Read Write
Reading and writing,Read Write
Can read and wte,Read Write
Can r a r,Read Write
Write and Read,Read Write
Rd wrt,Read Write
Read read,Read Write
Not rite,Read
Can and read,Read Write
Read or wright,Read Write
Cant reed nor writ,Illiterate
Cannot read wrte,Illiterate
Reads wright,Read Write
W and r,Read Write
Read writee,Read Write
Scholler,Read Write
To young,Illiterate
Cant red or write,Illiterate
Dont know,Unknown
He cannot read,Illiterate
Reed onely,Read
Reaid and rite,Read Write
Cannot read wrt,Illiterate
Cannot writ,Read
Scholer,Read Write
R,Read
Read a wr,Read Write
Can read and rit,Read Write
W and read,Read Write
Canot read or writ,Illiterate
Riad wirte,Read Write
Read and not rite,Read
Could read,Read
Neighter read nor write,Illiterate
Write and r,Read Write
Booth,Read Write
Cannot read etc,Illiterate
Fairly educated,Read Write
Can rd a write,Read Write
Can red only,Read
Can re and wr,Read Write
Yes read,Read
Read wight,Read Write
Can Read Write,Read Write
Ride and rite,Read Write
Canont read,Illiterate
Cannnot read,Illiterate
Read yes and write,Read Write
Canot read and rite,Illiterate
Read a rit,Read Write
Read canot write,Read
Read and ri,Read Write
write,Write
No Cannot read,Illiterate
Cnt read,Illiterate
Read righ,Read Write
Can read rit,Read Write
Not r write,Illiterate
Read at write,Read Write
Ree and write,Read Write
Neither can read or write,Illiterate
Spell,Unknown
English educated,Read Write
Read and write at school,Read Write
No read and write,Illiterate
Writ read,Read Write
Read both write,Read Write
Can rd and w,Read Write
Too Young,Illiterate
Read and wriete,Read Write
C r,Read
Red and wrte,Read Write
Read W,Read Write
Neither read,Illiterate
Not Read,Illiterate
Cholar,Read Write
Not read and rite,Illiterate
Canot r,Illiterate
Cannot read or wrigt,Illiterate
Write-r,Read Write
Can read and wt,Read Write
Cannot nor write,Illiterate
Read whrite,Read Write
Going school,Read Write
Read and write scholars,Read Write
Read and writie,Read Write
Cannot rd write,Illiterate
English education,Read Write
Re,Read
Riad only,Read
Not read nor w,Illiterate
Rede wright,Read Write
Can write and read well,Read Write
Reader and writer,Read Write
Reading,Read
Cannot read nor wr,Illiterate
Both r write,Read Write
Red a write,Read Write
Cannot wread or write,Illiterate
Cannot Rd,Illiterate
Nill cannot read,Illiterate
Under age,Illiterate
Can w and write,Read Write
Reead rite,Read Write
Cannot reead,Illiterate
Reading writing,Read Write
Reid an right,Read Write
R yes w,Read Write
Both read rite,Read Write
Cannot right,Read
Read and wrthe,Read Write
Cant do either,Illiterate
Read write both,Read Write
Neighter read or write,Illiterate
Rand and write,Read Write
To Young,Illiterate
Wread and rite,Read Write
Neither r or write,Illiterate
Neither r w,Illiterate
Conot read,Illiterate
No neither,Illiterate
Read wrigte,Read Write
Write and reid,Read Write
Connot reod,Illiterate
Canot read or wr,Illiterate
Read wirte,Read Write
Yes write,Read Write
Rad and rite,Read Write
Reid and ritt,Read Write
Both rd and write,Read Write
Readd and write,Read Write
Read and write boath,Read Write
Redd and rite,Read Write
Read and writi,Read Write
Cannot read Infant,Illiterate
Red rit,Read Write
Cannot read nil,Illiterate
No No,Illiterate
Dont read nor write,Illiterate
Cannot re or w,Illiterate
Read and write can do both,Read Write
Can read a w,Read Write
None cannot read,Illiterate
Can read or right,Read Write
C r and write,Read Write
Cant wright,Read
Reat write,Read Write
Read and kite,Read Write
Canott,Illiterate
Cant read cant write,Illiterate
Can read or wright,Read Write
Cant r write,Illiterate
Not reade,Illiterate
Reede and rite,Read Write
R-write,Read Write
Cannot read at school,Read Write
Can riad write,Read Write
Cannot read an write,Illiterate
Can reed onely,Read
Cann read write,Read Write
No read or w,Illiterate
Can read and ri,Read Write
Rear and write,Read Write
Read etc write,Read Write
Can read and write only,Read Write
Cannot either read or write,Illiterate
Cant Read or Write,Illiterate
Rede,Read
Reide and wright,Read Write
I write and r,Read Write
Cannot write read only,Read
Read and write booth,Read Write
Not red,Illiterate
Cant read or,Illiterate
Read and write c/c,Read Write
Yes ?,Read Write
Read v write,Read Write
Reades and writes,Read Write
R-w,Read Write
Not read nor right,Illiterate
Reed and wite,Read Write
Cannot no,Illiterate
Can read also write,Read Write
Cannot rea or write,Illiterate
Read and whrite,Read Write
Neither r nor write,Illiterate
Read write and cant,Illiterate
Cannot not read or write,Illiterate
Read righte,Read Write
Can boath,Read Write
Learnnig read and write,Read Write
Read and write school,Read Write
Reed a write,Read Write
Cannot read r rite,Illiterate
Read nor wright,Illiterate
Rd and Write,Read Write
She can read only,Read
Cannor read,Illiterate
Can read and not write,Read
Read ony,Read
Cannot read or rte,Illiterate
Yeas read and write,Read Write
W read write,Read Write
Scohlar,Read Write
Yes able to read and write,Read Write
Cannot or read,Illiterate
Reading riting,Read Write
W - r,Read Write
Not r or w,Illiterate
Read andc write,Read Write
Read and write can read,Read Write
No Educated,Illiterate
Nannot read,Illiterate
Wred and write,Read Write
No infant,Illiterate
Not either,Illiterate
Canot read or,Illiterate
To School,Read Write
Read and writs,Read Write
Wright,Write
Read writes,Read Write
Caned read,Read
Cant write read,Read
Cannot read r write,Illiterate
English read write,Read Write
Or cannot read,Illiterate
Can r and right,Read Write
Redd and right,Read Write
Read writing,Read Write
Read Wright,Read Write
Not at School,Illiterate
Canot read and w,Illiterate
Both Read or write,Read Write
Read and wrtte,Read Write
Reaad,Read
Read and write fair,Read Write
At schooll,Read Write
Cannot reard or write,Illiterate
Donot read or write,Illiterate
Cant not read,Illiterate
At home,Illiterate
R read and write,Read Write
C read and right,Read Write
Read and writen,Read Write
Cannot r rite,Illiterate
Read in rite,Read Write
Can reead rite,Read Write
Yes yes,Read Write
All can read write,Read Write
Read and rght,Read Write
Can Both read and write,Read Write
Can't read write,Illiterate
Learning both,Read Write
Cannot read or dont write,Illiterate
Rd wr,Read Write
Cannot or w,Illiterate
Reed writte,Read Write
Cant red or rite,Illiterate
Two young,Illiterate
Can w read,Read Write
Cant Read or write,Illiterate
Schloar,Read Write
At chool,Read Write
Read and write fairly educated,Read Write
Cannto read,Illiterate
Cannot read attending school,Read Write
W read and wr,Read Write
Read and watee,Read Write
Reaed and write,Read Write
Education read write,Read Write
Read and write can both,Read Write
Can read onley,Read
Both read and rite,Read Write
Able to write and read,Read Write
Reed and r,Read Write
Read and wriht,Read Write
Cannot read or wrie,Illiterate
Neither read r write,Illiterate
Not reid,Illiterate
Cannt read nor write,Illiterate
Reaid rite,Read Write
Roman and write,Read Write
Can not read write,Illiterate
Read and wurite,Read Write
Read or writ,Read Write
Can read nor w,Illiterate
C not read write,Illiterate
Neither read not write,Illiterate
Cant read no write,Illiterate
Canot read w,Illiterate
Cannor read or write,Illiterate
C read c write,Read Write
Cannot rd or wte,Illiterate
Cannot read on write,Illiterate
Cant reid or write,Illiterate
Not Yet,Illiterate
no,Illiterate
Write or read,Read Write
Cant read nor w,Illiterate
Re rite,Read Write
R and wrte,Read Write
Did wright,Write
Writ and read,Read Write
Read and write literate,Read Write
Wread and wright,Read Write
Con do both,Read Write
Cannot Read write,Illiterate
Scollars,Read Write
Reade an write,Read Write
Reede write,Read Write
R or write,Read Write
Cannot write or write,Illiterate
? read,Illiterate
Cannot read too young,Illiterate
both,Read Write
Can Read and rite,Read Write
Cannot Write,Read
Reid and writ,Read Write
Cannot rread,Illiterate
Read can write,Read Write
Good read and write,Read Write
Can no read,Illiterate
Cannot read or rig,Illiterate
Cannot read can write,Write
Read and rte,Read Write
Read write English,Read Write
R and r and r,Read Write
Cannot read or write too young,Illiterate
Read ondly,Read
Read cannot rite,Read
Cannot red nor write,Illiterate
Do read write,Read Write
Not Either,Illiterate
Not read or writ,Illiterate
Cannt read and write,Illiterate
Nil cannot read,Illiterate
Raad and write,Read Write
Cannot w or read,Illiterate
Cannot reat or write,Illiterate
Do not read,Illiterate
Redd only,Read
Cannot w read,Illiterate
Cannon read or write,Illiterate
Reid right,Read Write
Reade writte,Read Write
Reaid wright,Read Write
Read write scholars,Read Write
Read yes,Read
She cannot,Illiterate
Cannt read or wrte,Illiterate
Reed not wright,Read
Rd we,Read Write
No and no,Illiterate
Reed an right,Read Write
Cannot read or write neither,Illiterate
Kead write,Read Write
Cant reid write,Illiterate
Reader,Read
Can write and reed,Read Write
Cann read only,Read
Can reed and rit,Read Write
Reid and wrte,Read Write
Rread a write,Read Write
Infant cannot read or write,Illiterate
Cannot read english,Illiterate
Wrte and read,Read Write
Can neither read and write,Illiterate
Not rd or write,Illiterate
Read or,Read
Rad,Read
Read and wrte scholar,Read Write
Read and wrise,Read Write
Cannot read no education,Illiterate
Cannot r and r,Illiterate
Can Read and Wright,Read Write
Cannot read Child,Illiterate
"Can ""read and write""",Read Write
Can read read and write,Read Write
Neil,Illiterate
Cannot read not,Illiterate
Infant cannot read,Illiterate
Well educated,Read Write
Camnot read,Illiterate
Read wighte,Read Write
C r and w,Read Write
Midling,Read Write
Red and rit,Read Write
Minor,Illiterate
C reed and wright,Read Write
Not old enough,Illiterate
Can read (write),Read Write
Can R and w,Read Write
Read but cant write,Read
Canot reed or right,Illiterate
Cannot read nor wrigh,Illiterate
Nor write,Illiterate
Can read can wrt,Read Write
Cannott read write,Illiterate
Cant reed or rit,Illiterate
Cannot cannot,Illiterate
Read and little,Read Write
Can't rd or write,Illiterate
Write Read,Read Write
Can r only,Read
Read not,Illiterate
To school,Read Write
Scholour,Read Write
Reod,Read
Can reat and write,Read Write
Write a read,Read Write
Read oly,Read
Cant and read,Illiterate
Read an Write,Read Write
Read or Write,Read Write
Re and writ,Read Write
Canet read or rite,Illiterate
Read and write fair educ,Read Write
Can reade and rite,Read Write
Yes can read or write,Read Write
Reads and rites,Read Write
Write r,Read Write
Reeds and writes,Read Write
Reed wrigt,Read Write
Cannnot read or write,Illiterate
Atending school,Read Write
Cannot read cant write,Illiterate
Cannot read edu,Illiterate
Cannot read nor Write,Illiterate
Neither write or read,Illiterate
Read and writl,Read Write
Cannot re and write,Illiterate
Canot rite,Read
Read cannot w,Read
Not yet at school,Illiterate
Not and read,Illiterate
Ride and write,Read Write
Yes can r and w,Read Write
Write cannot read,Write
Read and wrigs,Read Write
Riding and writing,Read Write
Scoler,Read Write
No cannot rd,Illiterate
Reade a wrte,Read Write
Sholor,Read Write
Nor,Illiterate
Can Do Both,Read Write
Yes can read write,Read Write
Read and wrtee,Read Write
Canot write or read,Illiterate
C read and writ,Read Write
Reed also write,Read Write
Unable read or write,Illiterate
Right and reid,Read Write
Cannont read or write,Illiterate
Cannt read write,Illiterate
Cannot read wri,Illiterate
R R,Read Write
Not read or wright,Illiterate
Conot read or write,Illiterate
Con read and write,Read Write
Can R Write,Read Write
Cannot read inf,Illiterate
Red a rite,Read Write
Read and Wrigt,Read Write
He read write,Read Write
Can read ?,Read
Can reed and wright,Read Write
Don't read or write,Illiterate
Cant reid or rite,Illiterate
Cant read not write,Illiterate
Not able to write,Illiterate
Cannot reat or writ,Illiterate
Can read we,Read Write
Read and writing,Read Write
Scollor,Read Write
Both read and c write,Read Write
Reand write,Read Write
Cant reade,Illiterate
Cannot read nor writ,Illiterate
Can read and write a little,Read Write
Neither read or w,Illiterate
Reade a write,Read Write
Can Read and writes,Read Write
Read scholars,Read Write
Cnot r or w,Illiterate
Cannt red,Illiterate
Read and write all can read,Read Write
He can write,Write
Can read and Write,Read Write
Unable to read,Illiterate
Can read and Rite,Read Write
Can read and can write,Read Write
Read write etc etc,Read Write
Cannot read nor wite,Illiterate
Not not,Illiterate
Read and write neither,Illiterate
Cannot riad or write,Illiterate
Read Both Write,Read Write
Canote read,Illiterate
Can reid and wright,Read Write
C read and not write,Read
Not r not write,Illiterate
Read and write scholers,Read Write
Canot read or right,Illiterate
Cannot read no no,Illiterate
Reat and rite,Read Write
Can read and write w,Read Write
Red right,Read Write
Cann not read,Illiterate
Cannot r or wte,Illiterate
Atending schol,Read Write
Young children,Illiterate
Could not read or write,Illiterate
Neither nor write,Illiterate
Reads-w,Read Write
Read and Wr,Read Write
Neither red or write,Illiterate
Cant read a write,Illiterate
Read and ritt,Read Write
Going School,Read Write
Nor write cannot read,Illiterate
He can read only,Read
Can read canot write,Read
Cant red or wrt,Illiterate
Can read and only,Read
Read Scholars,Read
Red or write,Read Write
No Read,Illiterate
Can read and whrite,Read Write
Do boath,Read Write
Cannot read and or write,Illiterate
Read an wrte,Read Write
He can r write,Read Write
Cannot read g a,Illiterate
Write red,Read Write
Reid and wrtie,Read Write
Wreade and write,Read Write
Read n write,Read Write
Right,Write
Cannot read ?,Illiterate
Can't read or rite,Illiterate
Cannot read or write no,Illiterate
Raead and write,Read Write
Read wrie,Read Write
Scholar Read and write,Read Write
Yes r and write,Read Write
Sceller,Read Write
Cannot redd or,Illiterate
Canno read or write,Illiterate
Thoroughly Educated,Read Write
Cannot readd,Illiterate
Cant nor read,Illiterate
Cant red nor write,Illiterate
R and w write,Read Write
Nether read nor write,Illiterate
Read only going to school,Read Write
Read and rirte,Read Write
Read and cant write,Read
We all Can read and write sing,Read Write
Can read amd write,Read Write
Not Read and write,Illiterate
Read and write going to school,Read Write
Can not red,Illiterate
Both Can read and write,Read Write
Read not right,Read
Canott read and write,Illiterate
Cannot re write,Illiterate
Reads wrtte,Read Write
Can read wt,Read Write
Read and write no,Read Write
Cannot redd or write,Illiterate
Unable read and write,Illiterate
No scholars,Illiterate
Canntt read,Illiterate
Connot rd,Illiterate
Cant r rite,Illiterate
Not and write,Illiterate
Can read an w,Read Write
Shoole,Read Write
Read at school,Read Write
C n r n write,Read Write
Cannot write but can read,Read
Rread only,Read
Both can rd and write,Read Write
Read wrights,Read Write
Learning to read,Read Write
Not not read,Illiterate
Cannot read wre,Illiterate
Can't read or w,Illiterate
Neither infant,Illiterate
Cannot read Cannot write,Illiterate
Wright read,Read Write
Can read a wri,Read Write
Canot r or rite,Illiterate
Read not writ,Read
Can reed and wr,Read Write
Read wriet,Read Write
Cannot rite cannot read,Illiterate
Not reed or rite,Illiterate
Dont write,Read
Cannot write or,Illiterate
Now,Illiterate
Neither of them,Illiterate
Cannot wrte,Read
Reed and w,Read Write
Child cannot read,Illiterate
Dosent read or write,Illiterate
Spelling,Unknown
Cannot read-write,Illiterate
Can reed an write,Read Write
Can read c write,Read Write
Read with,Read Write
C r or write,Read Write
Riad rite,Read Write
Read and write can write,Read Write
Neither r and w,Illiterate
Reid a write,Read Write
Read and witte,Read Write
Can read or w,Read Write
Can read W,Read Write
Read e write,Read Write
Cant rede,Illiterate
Cant reed nor write,Illiterate
He can reed write,Read Write
Read not w,Read
Cannot raad,Illiterate
Not read or,Illiterate
Cont read,Illiterate
Rd and wr,Read Write
Write and reaid,Read Write
Can rea write,Read Write
Can reed and right,Read Write
Cant re w,Illiterate
Cannot read n w,Illiterate
Canot Read,Illiterate
Read and write i and e,Read Write
Goeing to school,Read Write
A Little,Read Write
Can re and write,Read Write
Rear write,Read Write
Rd and wrt,Read Write
Read write and et,Read Write
Neather cannot read or write,Illiterate
Cannot read neather,Illiterate
Cannot read nor wirte,Illiterate
Either,Read Write
Ileterate,Illiterate
Can and read write,Read Write
Unable to read and write,Illiterate
Read an,Read Write
Cane read and write,Read Write
Rd only,Read
Canot red rit,Illiterate
Reading read and write,Read Write
Can read a little,Read
Can read an,Read
Cannot ?,Illiterate
Not Read or Write,Illiterate
Can reed and writ,Read Write
Choolers,Read Write
Cannot read or W,Illiterate
Can read neither,Illiterate
Cant r or r,Illiterate
Canot and read,Illiterate
Neither read rite,Illiterate
Rrad write,Read Write
Neither read nor w,Illiterate
Cannot reade or rite,Illiterate
Read and ride,Read Write
Can and rite,Read Write
Not write nor read,Illiterate
Can read can't write,Read
Cannot read or cannot write,Illiterate
Can and write and read,Read Write
Learning to read and write,Read Write
R and,Read Write
Cannot read ro write,Illiterate
English can read and wright,Read Write
Yes pass,Read Write
Reead,Read
Can rea rite,Read Write
First Class,Read Write
Yes Cannot read,Illiterate
Can reade rite,Read Write
Cannot w,Illiterate
Can read no,Read
All the above,Read Write
Canot read only,Illiterate
C read and wrt,Read Write
Reed rit,Read Write
Can't Read or write,Illiterate
Scholar r w,Read Write
Annot read,Illiterate
Does write,Read Write
Not red nor write,Illiterate
Cant read or wri,Illiterate
Not read or right,Illiterate
Cannot read not w,Illiterate
Bit of both,Read Write
Read cannot read,Read
Scoller can read only,Read
Beginning,Read Write
Ra and write,Read Write
No edcation,Illiterate
Cant read wite,Illiterate
Cannot r or wri,Illiterate
Cannot read in write,Illiterate
Reaid,Read
Not read or wrte,Illiterate
All,Read Write
Cant or read,Illiterate
Can reed and w,Read Write
Can doo neither,Illiterate
Read wrote,Read Write
Not able to read on write,Illiterate
Don read,Illiterate
Cannot r nor rite,Illiterate
Road and write,Read Write
Re and w,Read Write
Can r rite,Read Write
Nuster,Illiterate
Not attending school,Illiterate
English reed write,Read Write
Canot r and w,Illiterate
Cannot Read nor write,Illiterate
Read cannt write,Read
Read nly,Read
Can read and writt,Read Write
Fare,Read Write
Cannot read or rt,Illiterate
Only write,Write
Reed and righ,Read Write
Wread an write,Read Write
Read and write good,Read Write
Cannot r cannot w,Illiterate
Cannot writh nor read,Illiterate
Can red and writ,Read Write
? Read and write,Read Write
No Cannot read or write,Illiterate
Beaby,Illiterate
Neather cannot read,Illiterate
Not available,Unknown
Infaint,Illiterate
Canot re or w,Illiterate
Cand read,Illiterate
Cant read or r,Illiterate
Beginning at school,Read Write
The can read and write,Read Write
Connat read,Illiterate
Do not know,Unknown
Not write read,Illiterate
Cannot r or wright,Illiterate
Can read or,Read Write
Scholuar,Read Write
W read and wrght,Read Write
Cannot read or rigt,Illiterate
Cannot read nor and write,Illiterate
R writh,Read Write
Cannot reed and write,Illiterate
Read s write,Read Write
read write,Read Write
Scholar read only,Read
Can write red,Read Write
B r write,Read Write
Canot reat,Illiterate
R wr,Read Write
Not read and writ,Illiterate
Cannot r or wirte,Illiterate
Reade and rites,Read Write
Cannot read and cannot write,Illiterate
At school read and write,Read Write
Cannot read no scholar,Illiterate
Like,Read Write
Can r and wrigt,Read Write
Illitterate,Illiterate
Read wrig,Read Write
Read only not write,Read
Can r and wrte,Read Write
Schoole,Read Write
Reall and write,Read Write
Writ and write,Read Write
Read Right,Read Write
Reid wright,Read Write
No r or w,Illiterate
Canot read not write,Illiterate
Schalor,Read Write
Cannot r or wrte,Illiterate
Cannot read write only,Illiterate
Commencery School,Read Write
Not Attendy School,Illiterate
Cannt r or w,Illiterate
Cant rite read,Illiterate
Cannot right or read,Illiterate
Cannot read or writes,Illiterate
Read and Only,Read Write
Can rd or write,Read Write
Yes can read,Read Write
Cannot rid,Illiterate
Read and worte,Read Write
Yes read and r,Read Write
Can reade only,Read
R an write,Read Write
Cant r cant w,Illiterate
Cannot r or wrigt,Illiterate
Blind,Illiterate
Wride and rite,Read Write
Reid onely,Read
Scholars r and writer,Read Write
Not able to read or rite,Illiterate
Can read and righ,Read Write
Not Attending School,Illiterate
Can raid and write,Read Write
Can read and write scholar,Read Write
Infint,Illiterate
Cannot r n write,Illiterate
Read onaly,Read
at School,Read Write
Yes write and read,Read Write
Can read and about write,Read Write
Canot or r write,Illiterate
Cant r,Illiterate
Read and write Scholars,Read Write
Reed and rit,Read Write
Un educated,Illiterate
Read qonly,Read
Cannot r or,Illiterate
Cant Read nor write,Illiterate
Cannote,Illiterate
Can do read and write,Read Write
Not write not read,Illiterate
Read rite scholl,Read Write
Cannit,Illiterate
Read and riter,Read Write
Cannot yet read,Illiterate
Can read or writ,Read Write
Cane read,Read
R and wte,Read Write
Read only scholars,Read
Yes a little,Read Write
He can not read,Illiterate
Cannot not write,Read
Read and wrigth,Read Write
Neither read or wright,Illiterate
B a read and write,Read Write
Not reade or write,Illiterate
Cant red and write,Illiterate
Nether read or rite,Illiterate
Can rd and wright,Read Write
Cant read wright,Illiterate
Read and reite,Read Write
Reads and wrigtts,Read Write
Read a,Read Write
Canot read are write,Illiterate
Unable to ascertain,Unknown
Canot read or r,Illiterate
Cant read right,Illiterate
Joinging to school,Read Write
Not r and w,Illiterate
Not read no write,Illiterate
Can read and wight,Read Write
Cannot read going to school,Illiterate
Cnot read n write,Illiterate
Scholare,Read Write
Neithe read or write,Illiterate
Raed and write,Read Write
And write,Read Write
Cannott red,Illiterate
Read and write well,Read Write
Cannot wr,Read
Can Read and W,Read
Canot reid or write,Illiterate
Cant not read write,Illiterate
Cannot read cant read or write,Illiterate
C not red,Illiterate
Cannott write,Read
Fair write,Read Write
Both write or red,Read Write
Can read not w,Read
C'not r or w,Illiterate
Ride and wright,Read Write
Can reed wrte,Read Write
N education,Illiterate
He can,Read Write
No child,Illiterate
Cannot nor read,Illiterate
Canot reed or rite,Illiterate
Cannot write or r,Illiterate
Not read nor writ,Illiterate
Unascertained,Unknown
Read and wright a latter,Read Write
Cant r nor w,Illiterate
Scholar read write,Read Write
At schoole,Read Write
Read and can write,Read Write
S can read write,Read Write
Scholars going to school,Read Write
Can read Only,Read
Read and write station,Read Write
He and she,Read Write
Read an wri,Read Write
No Learning,Illiterate
C read rite,Read Write
Not rd,Illiterate
Read and orte,Read Write
Cannot or rite,Illiterate
Cannot read or write Neither,Illiterate
Cannot not read write,Illiterate
Reand only,Read
Read wreite,Read Write
No cant read,Illiterate
cannot read or write,Illiterate
Co read and write,Read Write
Can read oly,Read
Cannot r o write,Illiterate
Goinging to school,Read Write
Bead and write,Read Write
Educator,Read Write
Read writt,Read Write
Canot write read,Illiterate
Red and Write,Read Write
Cant reed and write,Illiterate
R Fair W,Read Write
Cant red or wt,Illiterate
Can't,Illiterate
Can red and wr,Read Write
C reed,Read
Read Cannot write,Read
Not yet attending school,Illiterate
Rade and wright,Read Write
Not w or write,Illiterate
Can neighter read nor write,Illiterate
Cannot read and write neither,Illiterate
Can read cannot rite,Read
Can read cant w,Read
She can read and w,Read Write
Yes read only,Read
Rede right,Read Write
Cat read or write,Illiterate
Reed wite,Read Write
All read rite,Read Write
Can rede,Read
Able to do both,Read Write
Do not known,Unknown
Baby cannot read,Illiterate
Cannot reid rite,Illiterate
R and w and write,Read Write
Ready only,Read
R d w,Read Write
Can writ,Read Write
Read and rt,Read Write
Read ritte,Read Write
Neither r nor r,Illiterate
No scolar,Illiterate
Canot reed write,Illiterate
Cannot reed write,Illiterate
Cannt reed,Illiterate
Cannot read nor rit,Illiterate
I have education,Read Write
Reaed and rite,Read Write
Write and red,Read Write
Reed a little,Read
No socholar,Illiterate
Rea and wright,Read Write
Rd and wright,Read Write
Read and write english and irish,Read Write
School child,Read Write
Red or rite,Read Write
Cnnot read or write,Illiterate
Cannot read non,Illiterate
Cane read write,Illiterate
Cannot reaad,Illiterate
Canot not read or write,Illiterate
Canot riad,Illiterate
Camot read,Illiterate
Connot Read or write,Illiterate
Read and write irish,Read Write
Cannot read nor wt,Illiterate
Yes Yes,Read Write
Both can read write,Read Write
Not and read or write,Illiterate
Pupil,Read Write
Cannot read or write none,Illiterate
Rd and we,Read Write
Riad and rite,Read Write
Reed a rite,Read Write
cannot read,Illiterate
Reaid only,Read
Cannot reed are wright,Illiterate
Donte read or write,Illiterate
Cant rd or wt,Illiterate
Read and write Good,Read Write
Not Known,Unknown
Cant reat,Illiterate
Cannot rd and wr,Illiterate
Cannot w r,Illiterate
Able to read,Read
Read at rite,Read Write
Read on,Read
C red c write,Read Write
Can read at school,Read
Read rite english,Read Write
Red an write,Read Write
Can not wreade write,Illiterate
Readd write,Read Write
She can r and w,Read Write
C read a rite,Read Write
Read and write in italian,Read Write
Red wite,Read Write
Cant read and wright,Illiterate
Cannot and c,Illiterate
Cannt,Illiterate
Non cannot read,Illiterate
Attg school,Read Write
Not at chool,Illiterate
Read write only,Read Write
Good can read and write,Read Write
Both E and Irish,Read Write
Reade right,Read Write
Read or write none,Illiterate
Formerly read and write,Read Write
Cannot read or and write,Illiterate
Cant reade or write,Illiterate
Meather,Illiterate
Illetrite,Illiterate
Not old Enough,Illiterate
Can read and wrig,Read Write
Read in right,Read Write
Read and et,Read Write
Read a wrigh,Read Write
All Round,Read Write
Niether read or write,Illiterate
Can read etc,Read
Read a writ,Read Write
Cannot and,Illiterate
No schlor,Illiterate
Read sc write,Read Write
N read n write,Illiterate
She can write,Write
Not education,Illiterate
Can read and write english,Read Write
Cant read and wr,Illiterate
Not reat,Illiterate
Canot read canot write,Illiterate
Cannot rad nor write,Illiterate
Read some,Read
Not read a write,Illiterate
Boths read and write,Read Write
Neigher,Illiterate
Read and write g a,Read Write
Reed not,Read
Cant rd or rite,Illiterate
Read ar write,Read Write
Cannot read not read nor write,Illiterate
Can both read and rite,Read Write
Going to scool,Read Write
Canot reed nor write,Illiterate
Young,Illiterate
Illirate,Illiterate
Read but not rite,Read
And read,Read
Reid and wrigte,Read Write
Rean and write,Read Write
Rea rite,Read Write
Read onlly,Read
C read a right,Read Write
Read and write (a little),Read Write
Cant reade nor write,Illiterate
Not read no riht,Illiterate
Read r t,Read Write
Cant rd and write,Illiterate
Read and rite both,Read Write
Shool,Read Write
Read and wrtes,Read Write
Both read and wri,Read Write
Canot read no write,Illiterate
Cannott read or w,Illiterate
Neither reads nor writes,Illiterate
Read litle,Read
All can reade and write,Read Write
Not w read,Read
Can read and wrirte,Read Write
Can read and write neither,Illiterate
Read and wret,Read Write
Not or write,Illiterate
Cannot red or W,Illiterate
Read and wife,Read Write
No learning,Read Write
Cannot read illeterate,Illiterate
Canot Read or write,Illiterate
Not read or wt,Illiterate
R canot,Illiterate
Cant read cannot write,Illiterate
C r or w,Illiterate
Cant read writ,Illiterate
Read o,Read
Not read or r,Illiterate
Can do both read and write,Read Write
First book,Read Write
Read onle,Read
Reed not write,Read
Can red and right,Read Write
Neather read write,Illiterate
Able read and write,Read Write
None of them,Illiterate
Read and cannot,Read
Read and wriet,Read Write
Non read,Illiterate
Not of age,Illiterate
Do not read and write,Illiterate
Bothe read and write,Read Write
Scoolar,Read Write
Cant read and c,Illiterate
Cant read and w,Illiterate
Can riad,Read
Read nor right,Illiterate
Caannot read or write,Illiterate
Can read and wre,Read Write
Sollor,Read Write
Read and wrrite,Read Write
Canot read or wite,Illiterate
Cannot r nor r,Illiterate
Ct read,Illiterate
Canot read nor wright,Illiterate
Can read and write can do both,Read Write
Read can't write,Read
Reid an wright,Read Write
Read ?,Read
Can reid only,Read
Can reid rite,Read Write
R cannot,Read
Booth read and write,Read Write
C read wrte,Read Write
Cant read and right,Illiterate
C r w,Read Write
Cant reid not write,Illiterate
Read only scholar,Read
Read w write,Read Write