Irish and English,English Irish
English,English
Irish,Irish
Irish English,English Irish
English and Irish,English Irish
Irish and Eng,English Irish
No,None
English only,English
English Irish,English Irish
English Language,English
English Only,English
Irish and E,English Irish
I and English,English Irish
Irish only,Irish
E,English
I and E,English Irish
Nil,None
Irish and Engl,English Irish
E Language,English
Inglish,English
Eng and Irish,English Irish
English L,English
Irish Eng,English Irish
Irish and Englis,English Irish
Eng,English
Irish and Engh,English Irish
Irish Only,Irish
E and Irish,English Irish
Irish Language,Irish
I English,English Irish
No Irish,English
?,Unknown
English Lang,English
Eng Language,English
Irish an English,English Irish
Irish a English,English Irish
Broken English,Broken-English
Speak English,English
Irish E,English Irish
Only English,English
Scotch,Scotch
Irish and En,English Irish
Englis,English
En,English
French,French
English and I,English Irish
Cannot Speak,None
Irish Englis,English Irish
England,English
Yes,English Irish
Both,English Irish
Can Speak Irish and English,English Irish
English Lan,English
E and I,English Irish
I E,English Irish
Not,None
Ir and English,English Irish
B English,Broken-English
Eng Irish,English Irish
English I,English Irish
Irish and Engls,English Irish
Irish Engl,English Irish
Irish and Inglish,English Irish
Nill,None
Enlish,English
Irish and Engli,English Irish
E Irish,English Irish
English Langu,English
Cannot,None
Cannot Speak Irish,English
Irsh and English,English Irish
Ir and Eng,English Irish
Speaks English,English
Irish and Eglish,English Irish
Irish and Enlish,English Irish
I and Eng,English Irish
Irish and c English,English Irish
Neither,None
Irish and England,English Irish
Speak Irish and English,English Irish
English onely,English
Irish Engh,English Irish
Irish or English,English Irish
Irish and Engsh,English Irish
Can Speak English and Irish,English Irish
Iris and English,English Irish
E L,English
Plain English,English
Englash,English
Irish Inglish,English Irish
English and French,English French
Speak Irish,Irish
Eglish,English
Infant,None
English Languge,English
I and Englis,English Irish
Irish Lang,Irish
Enghlish,English
Speaks Irish and English,English Irish
Irish and Englh,English Irish
A Little Irish and English,English Irish
Can Speak English,English
English Onely,English
E I,English Irish
No Language,None
Ir,Irish
English La,English
Eng Lang,English
No English,Irish
I,Irish
Learning Irish,English Irish
None Speak Irish,English
Sp English,English
Eng only,English
All English,English
Irish and English Language,English Irish
Inglish and Irish,English Irish
Irish and,English Irish
Ir English,English Irish
Engl and Irish,English Irish
Welsh and English,English Welsh
I Language,Irish
English Langue,English
English Lange,English
I and Engls,English Irish
Engish,English
Iri and Eng,English Irish
Ish and English,English Irish
Irish En,Irish
Irish and c E,English Irish
Irish and Engish,English Irish
Irish on English,English Irish
French and English,English French
France,French
Eenglish,English
Engilish,English
Eng Only,English
Engh Lan,English
Ireland,Irish
Engl,English
Irish and Enh,English Irish
Irish Engli,English Irish
Can Speak Irish,Irish
Speak English Only,English
English and Some Irish,English Irish
G and E,English Irish
Non,None
Engilsh,English
I and Engl,English Irish
Cant Speak,None
Irish of English,English Irish
Ih and English,English Irish
Enlish and Irish,English Irish
Irish and Language,Irish
Irish and Englsih,English Irish
Englsh,English
Iris English,English Irish
Irish and Eg,English Irish
Englis and Irish,English Irish
Inglish Language,English
Scotch and English,English Scotch
E only,English
English and Ir,English Irish
English Lnge,English
Irish and Engs,English Irish
Ir and En,English Irish
Engh and Irish,English Irish
English Languish,English
Irish A English,English Irish
Speak English only,English
Enghish,English
Iris,Irish
English French,English French
English and Little Irish,English Irish
Both Irish and English,English Irish
Englsih,English
En and Irish,English Irish
Yes Irish and English,English Irish
Irish and Eh,English Irish
Irish and Englsh,English Irish
English Langa,English
Irsh English,English Irish
En Language,English
Cant Speak Irish,English
Elglish,English
Brok English,Broken-English
I and Engs,English Irish
English German,English German
Scoth,Scotch
Irish English Language,English Irish
Esh,English
Dont Speak Irish,English
Irish L,Irish
Gaelic and English,English Irish
Cannot Speak English,Irish
Inglish Only,English
Eng Languish,English
English an Irish,English Irish
English Languages,English
Irish and Inglis,English Irish
Irish Eglish,English Irish
Can Speak Irish English,English Irish
Br English,Broken-English
I S,ERROR
R L,ERROR
None Can Speak Irish,English
Not Speaking,None
Ih and Eh,English Irish
All Speak English only,English
German and English,English German
Can Speak E and I,English Irish
Irish and Enghlish,English Irish
Belfast Language,ERROR
English and German,English German
Erse and Eng,English Irish
Engelish,England
Irish England,English Irish
Irish Yes English,English Irish
Irish Enlish,English Irish
Not Irish,English
Engli,English
English and English,English Irish
Irish Langue,Irish
Eng and Iri,English Irish
Can Speak English Irish,English Irish
English and Welsh,England Welsh
Does not Appear,Unknown
England Lan,England
Irish Langu,Irish
English Learning Irish,English Irish
Irish Language and English,English Irish
V D,ERROR
Irish and C English,English Irish
Irish and Egh,English Irish
Engl Irish,English Irish
Irs,Irish
Irish Englas,English Irish
Can Irish and English,English Irish
English Language only,English
Engs,English
English Langua,English
Enclish,English
Irish Englash,English Irish
Englis Irish,English Irish
Both Languages,English Irish
A H,ERROR
Speaks Irish,Irish
Language English,English
R English,English
Englisg,English
Ireish and English,English Irish
Englist Language,English
P English,English
and English,English Irish
Irish and Ensh,English Irish
E Languge,English
Iri English,English Irish
Understands English and Irish,English Irish
Speake English,English
No Irish Speaking,English
E La,English
I yes E,English Irish
Engligh,English
Irish and English Yes,English Irish
Englis Language,English
Englas,English
Brap in inglish,Broken-English
English and Irsh,English Irish
Englesh,English
Iirish and English,English Irish
Engish and Irish,English Irish
English Languae,English
Egnlish,English
Engh Irish,English Irish
Iresh and Englagh,English Irish
Iri,Irish
English Language Only,English
No Irish Spoken,English
Cannot Irish,English
English Ir,English Irish
Irish and Enlh,English Irish
Irish None,Irish
Speaks English and Irish,English Irish
Ih English,English Irish
English (only),English
Engl Lange,English
No E,Irish
English and Ih,English Irish
Irish Engls,English Irish
Irish Englsh,English Irish
J S,ERROR
Eng and Irsh,English Irish
Broken Eng,Broken-English
Speak Irish English,English Irish
Cannot Talk,None
Can Speck Irish and English,English Irish
English Langage,English
English a Irish,English Irish
Can Speak,English Irish
English Lanage,English
Irish and C,Irish
Gnglish,English
Iirsh and English,English Irish
Saxon,English
S English,English
Speaks English only,English
I Eng,English Irish
Endlish,English
I and Engh,English Irish
Lan English,English
Irish Lan,Irish
English Fan,English
Inglash,English
Norweyian,Norwegian
English onley,English
Norwegian,Norwegian
Can't Irish Can English,English
E Lang,English
I W,Irish Welsh
Iresh and English,English Irish
Inglesh,English
Know Nothing About Irish English Only,English
Engs and Irish,English Irish
Eng Langue,English
Irish and Englih,English Irish
Can't Speak Yet,None
English Languid,English
Irish and English Not,Irish
Read and write English,English
Irish Langues,Irish
English Langag,English
Irish and E h,English Irish
German,German
Ir and Engls,English Irish
Irish and Irish,English Irish
B L,ERROR
Language,ERROR
Englands,English
E Langue,English
Can Speak I and E,English Irish
Read English,English
Italian,Italian
Sc and English,English Scotch
Rish and English,English Irish
I L,Irish
Sp Irish English,English Irish
E Lan,English
Irish Languages,Irish
English Lag,English
H N,ERROR
Irish Eglush,English Irish
English Large,English
Enelgish,English
Can Speak Irish Enlish,English Irish
English Ect,English
Cannot Speak English or Irish,None
English Irish Language,English Irish
No Knowledge,None
Learning,English Irish
Irish D English,English Irish
Certainly Not,English
S S,ERROR
Brochen English,Broken-English
Engless,English
British only,English
Irish and Elish,English Irish
English and Germany,English German
W A,ERROR
English Not by Choice,English
English and Irs,English Irish
I En,English Irish
Understand English and Irish,English Irish
English Langes,English
Englias,English
No Irish Spoken with any one in House,English
Irish and Eglh,English Irish
Irish Axcent,Irish
Eng and Irh,English Irish
Brok Irish,Broken-Irish
I inglish,English
Hebrew and English,English Hebrew
Cant English,English
Eng langa,English
No Irish Lan,English
Irish an Eng,English Irish
Engllish,English
Eanglis,English
Eng Langh,English
Learning Irish English,English Irish
Nothing,None
Tongue or Language,ERROR
Irs and Eng,English Irish
Irish and English Can Speake Boath,English Irish
English and,English Irish
Elingsh,English
British English,English
Flemish and English,English Flemish
Can't Speak Irish,English
Irish and Englas,English Irish
Ir and Englis,English Irish
Larning Irish,English Irish
I H,ERROR
British,English
Englishs and Irish,English Irish
Irish and Elg,English Irish
Scotsh,Scotch
Cannot Spak Irish,English
Englist,English
Ir Eng,English Irish
Spake English,English
Engh,English
Englise,English
Einglish,English
Inglis,English
English E,English
Ierish and English,English Irish
Englash Lan,English
Gynglish,English
Eng Irsh,English Irish
M W,ERROR
R W,ERROR
Englsih and Irish,English Irish
Scotch and Irish,English Irish
Iresh English,English Irish
Irish and English L,English Irish
Scoth English,English Scotch
C Language,ERROR
Iirish English,English Irish
Irish an Englis,English Irish
Ensh Language,English
English Iris,English Irish
By Linguist,English Irish
None but English,English
Irish an Englash,English Irish
Can Spake English,English
Eng and S Irish,English Irish
Bo Language,English Irish
Irish Engish,English Irish
Irish and Scotch,Irish Scotch
Can Speak I E,English Irish
Ish Eng,English Irish
Englies,English
Scotish,Scotch
English and Scotish,English Scotch
Irs English,English Irish
Scholar,ERROR
Neld,ERROR
Englis Only,English
Iri Eng,English Irish
Read Irish,Irish
K,ERROR
Irish and Engilsh,English Irish
C Sprake Irish and English,English Irish
Irish language,Irish
Irsh and Inglish,English Irish
Iris Eng,English Irish
Common English,English
Irish S C,ERROR
H B,ERROR
Nothing Foolish,English
Begin,ERROR
Can Speak English only,English
Eenglis,English
Irish and Enl,English Irish
Can't Speak,None
Eng Iris,English Irish
Ens,English
Engli and Irish,English Irish
Engtish,English
Irish and English Only,English Irish
German English,English German
Speak E,English
Both Language,English Irish
Speak Scotch,Scotch
Irish and Eenglish,English Irish
Irish Roman,Irish Latin
Dutch,Dutch
W K,ERROR
English no Irish,English
Emglanhs,English
English and Hebrew,English Hebrew
Speak Irish and E,English Irish
Engl Language,English
Irish Cannot Speak,Irish
B Mc N,ERROR
Enghlish only,English
Canot,None
English Languag,English
Dont,None
English or Irish,English Irish
Irish and Elgish,English Irish
Can Spake Irish,English
Do Not Speak Irish,English
Can Speak a Little Irish,English Irish
Not Able to Spk Irish,English
Nil English,ERROR
Hullabulloo,Unknown
A M,ERROR
Speak Eng,English
Cannot Read Irish or Speake Irish,English
Does not Sp Irish,English
Englic and Irish,English Irish
Irish Eenglish,English Irish
Enlist,English
Iris and Egl,English Irish
Irish and Engliss,English Irish
English read wright,English
Don't Know Irish,English
Irish and Enghis,English Irish
Irish and Egsh,English Irish
English Scotch,English Scotch
I and Engli,English Irish
Only Irish,Irish
B Inglish,English
J R,ERROR
E a Irish,English Irish
Sorry we dont speak Irish,English
Irish an Enghish,English Irish
Iri and Engl,English Irish
Engliss,English
Cant Talk,None
Mana,ERROR
E langue,English
I M C A,ERROR
All French,French
D L,ERROR
No Irish Here,English
Italean and English,English Italian
Irish and El,English Irish
English S,English
Eng ad Irsh,English Irish
Do Not Speak It,English
Eng and Some Irish,English Irish
English and Irish Language,English Irish
Belgim,Flemish
Irish Engs,English Irish
Broken Scotch,Broken-Scotch
England Language,English
Eng and Ish,English Irish
I a En,English Irish
Eng and Ir,English Irish
English Lang?h,English
Write E,English
English No Irish,English
English language,English
Irish an E,English Irish
Irish and Egl,English Irish
English Onley,English
Languages English,English
Irish English and French,English French Irish
Sufficient,English Irish
Can Read Irish,Irish
Enlyish,English
Erish and English,English Irish
Speak English Irish,English
Inglist,English
English Waley,English Welsh
Irsh a English,English Irish
Eg,English
English and Learning Irish,English Irish
Slight Knowledge,English Irish
I E L,English Irish
Els,English
J M L,ERROR
Eenglish Irish,English Irish
English and Welch,English Welsh
Scotch English,English Scotch
Irish and Enligsh,English Irish
English and Heer,ERROR
Write read,English Irish
Eh,English
Read and write,English Irish
Englis no Irish,English
French English Germany,English French German
Broken English Irish,Broken-English Irish
Irish and Englise,English Irish
Iirsh English,English Irish
Speak English and Irish,English Irish
Can not,None
Not a Word,None
Irish nor Eng,None
English not Irish,English
E and Iri,English Irish
Eglsh,English
English and Iris,English Irish
P Can English,English
Irish onely,Irish
Irish a Englis,English Irish
? English,English
Itallian Lang,Italian
I and Eg,English Irish
English Iri,English Irish
D S,ERROR
English and Scotch,English Scotch
Irish and Saxon,English Irish
English etc,English
Cannot Either,None
Read and Write English and Irish,English Irish
Neighter,None
I and E Lang,English Irish
Welsh,Welsh
Ish English,English Irish
Enghlis,English
Irrish,Irish
Inglish Lang,English
Not able to Speak,None
Can speak Irish and English,English Irish
None Speaks Irish,English
Speak Englis and Irish,English Irish
Cannot Speak Either,None
Cannot Speek,None
Not Any,None
Irish and Eeng,English Irish
E Language Irish and c,English Irish
Irisha and English,English Irish
Irish-English,English Irish
English and Irish E,English Irish
Learning English,English
Cannot Speak Irish Can Speak English,English
English Q C,English
Italian and English,English Italian
Irish and c Eng,English Irish
Dont Recordil,ERROR
Englis and German,English German
I English only,English Irish
Unknown,Unknown
Irish and Enlis,English Irish
Irish Inglesh,English Irish
E english,English Irish
Cannot Spk,None
E Only,English
Irish and Englisl,English Irish
Read and Write,English Irish
Done,ERROR
English Regnt No Irish,English
Cardiff,ERROR
P T,ERROR
English C,English
Irish Understands,English Irish
Eng language,English
Irish English Franch,English French Irish
English Ireish,English Irish
English and Irish Boath,English Irish
Irish Ingles,English Irish
Irish E Only,English Irish
Cannot Speak Yet,None
Speaks Both English and Irish,English Irish
English Talk Irish,English Irish
Irh English,English Irish
English Latin,English Latin
Esh and Some Irish,English Irish
Mr English,English
Reed Irish,Irish
Speak Inglish,English
Not of Irish,English
Irh and Eng,English Irish
Irish and Enghs,English Irish
English Langish,English
English Speaking,English
Some Irish,Irish
E Lange,English
No Knowledge of Irish,English
Irish and Jinlish,English Irish
German and Einglish,English German
EngIish,English
M C,ERROR
N,ERROR
Jewish,Hebrew
No Talk,None
English Carney Irish,Carney English Irish
English Irish Lang,English Irish
Irich and English,English Irish
Can read,ERROR
Irish Langage,Irish
C S English,English
Ih a English,English Irish
Ish and Egh,English Irish
I G,ERROR
English A Little Irish,English Irish
Garlic and English,English Irish
At School,ERROR
Can Speak E and Irish,English Irish
Englassh,English
Engles,English
Irish and L English,English Irish
Irish and Enlgh,English Irish
Cannot Get Talk,None
Belfast,ERROR
English Lang?,English
No Irish Lag,English
Irish english,English Irish
Yes Irish and Engh,English Irish
Only English Language,English
E M,ERROR
D M,ERROR
Sotch,Scotch
Engl and German,English German
Iresh and Ensh,English Irish
English Irish and E,English Irish
Both Speak only English,English
Can Speak Read and write English and Irish,English Irish
Can Speack Irish and English,English Irish
T M,ERROR
Irish and Esh,English Irish
Irish Languge,Irish
I and c E,English Irish
Irish and Engi,English Irish
En and Ir,English Irish
C,ERROR
Iris and Englis,English Irish
Greek,Greek
Can Speak Eng,English
Spe English,English
All,English Irish
Gaulgue,Irish
Cannot Read Irish,English
Cannot Speak Irish or English,None
English and Iri,English Irish
Ensh,English
English and Latin,English Latin
Irish and Endlish,English Irish
Irsh and Engs,English Irish
Both English and Irish,English Irish
English Oly,English
English ? Irish,English Irish
Irish - English,English Irish
Irish Language and Englash,English Irish
Irish and Englilsh,English Irish
Yes Several Lang,Unknown
Learning Irish and English,English Irish
English BS,English
English Lanuage,English
Cannot read,None
English Langugge,English
Irish and Eng and French,English French Irish
Irish Speaking,Irish
English Irsih,English Irish
Englalish,English
Can Speak Enl,English
E and Some Irish,English Irish
Em,English
Cannot Read,None
Speakers English,English
lrish and English,English Irish
Scotland,ERROR
Lang McCory,ERROR
Irash and English,English Irish
Speak Both Irish English,English Irish
English Ln,English
Irish and English only,English Irish
Ingh,English
Ir Language,Irish
Kil?,ERROR
No Irsh,English
Irish and only,Irish
Welch,Welsh
Germon Only,German
Englisy,English
Speakes Both Languages,English Irish
I Engl,English
Twins,ERROR
Irish and a Little English,English Irish
"Irish, English",English Irish
Can Speak Eng and Irish,English Irish
English Lg,English
Scotch Irish,Irish Scotch
Enilish,English
N English,English
M S,ERROR
English Langr,English
Speak,English Irish
No English or Irish,None
English French and Latin,English French Latin
Information refused,Unknown
Speke English,English
Englishe,English
Engls and Irish,English Irish
Sweedish and English,English Swedish
Both R and W Irish,Irish
Canot Speak Irish,English
Irish and Englisg,English Irish
Enlg,English
Certainly,English Irish
Anglo Irish,English Irish
Irish at School,Irish
Irish German,German Irish
English and Language,English Irish
Scotish and English,English Scotch
Can Speak Both,English Irish
English Lnag,English
Cannot speak,None
Spek English,English
Eng and I,English Irish
A Little Irish,English Irish
Irish and Egli,English Irish
Irrish English,English Irish
Inglish L,English
Iri and Enlish,English Irish
Engsh and Irish,English Irish
English and ? Language,English Irish
English all Right,English
Studying Irish,Irish
Irish and English Both,English Irish
English irish,English Irish
Scoth and English,English Scotch
Eulia and English,English
Irish A Eng,English Irish
English and C,English
Both I E,English Irish
Finneterstown,ERROR
Partly,ERROR
Know,ERROR
Englich,English
Iris and,English Irish
Saxon Learning Irish,English Irish
I Enghlish,English Irish
Eng Lan,English
Speark English,English
Iri and English,English Irish
Not Much,None
Irsh,Irish
Irish in English,English Irish
Irish @ English,English Irish
Irish and Engih,English Irish
Englis only,English
Irish an Engl,English Irish
Double Dutch,Unknown
Not Able to Speak,None
Not Irish and English,English
Enlish Lan,English
Irish a Little and English,English Irish
English and Spanish,English Spanish
Hebrew,Hebrew
Enghist,English
Flemish,Flemish
Both English,English
Can Speak Irish and E,English Irish
Speaks,English Irish
England and Irish,English Irish
No No,None
Try Engsh,English
Irish and English Reads Both,English Irish
Non English,English
Baby,None
Irish ?,Irish
Bad English,Broken-English
Done Irish and English,English Irish
All Speaks English,English
Irish an Engilsh,English Irish
English Langues,English
A Little Irish English,English Irish
Irish and Englist,English Irish
Not Able,None
Engleand,English
Eish,Irish
Not Speaking Yet,None
Engls,English
Enligh,English
Can read and write Irish and English,English Irish
Irish and Englash,English Irish
Elinlish,English
Boath,English Irish
Not E or I,None
Brokenenglish,Broken-English
Cannot S,None
I and Es,English Irish
I and C English,English Irish
Prof English,English
Ingles,English
Can Speak English Only,English
Speak Englis,English
Irih and English,English Irish
Knows Nothing about Irish,English
P D,ERROR
German a English,English German
Irish Language an English,English Irish
Scholar Caring Irish,Irish
Speaks English not Irish,English
Irish or E,English Irish
I and Esh,English Irish
Elinglish,English
Both Laung,English Irish
Both Irish English,English Irish
Englih,English
English and Eng,English Irish
Galac E,ERROR
Not Yet,None
English Attending School,English
English Irs,English Irish
Speak read write,English Irish
Irish Englst,English Irish
Not Talking,None
Speake Eng,English
Eng? Language,English
Ish and Eng,English Irish
Speake Irish and English,English Irish
Englisn,English
Speaks Irish and Eng,English Irish
English and a Little Irish,English Irish
Irish Knowledge,Irish
Could not speak,None
Irish Language English,English Irish
Englhish,English
Broker English,Broken-English
Irish Egnlish,English Irish
Brokeninglish,Broken-Irish
Irish Partty and English,English Irish
Both E and Irish,English Irish
Irish and Elglish,English Irish
Alright,English Irish
Read and write Irish and English,English Irish
Irish and English etc,English Irish
Speak and English,English Irish
Iirish,Irish
Enghlish and Irish,English Irish
To Young,None
Irish Spoken,Irish
Yes Irish and Eng,English Irish
Not Likely,None
Shkae Irish and English,English Irish
English On,English
English and Write,English Irish
Irish English French,English French Irish
Irihs and English,English Irish
Rish English,English Irish
Inlgar,English
Leaning Irish and E,English Irish
English ?,English
J A,ERROR
Irish and Eln,English Irish
Irish and Een,English Irish
Yes Irish,Irish
I and En,English Irish
Language Eng,English
Inglish and Latin,English Latin
Irish Langh,Irish
Going to School,English Irish
Eng or Irish,English Irish
Speak Irish and Enghlish,English Irish
Speak and Under a Little Irish English,English Irish
Irish Engsh,English Irish
English 4 5,ERROR
Snisse,ERROR
English (Only),English
Cant Speak Irish Language,None
L,ERROR
Some,ERROR
Fini,ERROR
L I,ERROR
Esh and Irish,English Irish
Irish and inglish,English Irish
Eng Language only,English
Engl only,English
Irsh and Englsh,English Irish
Itish and English,English Irish
Irsh and Engls,English Irish
Irish and Egnglish,English Irish
Irsh and Enghs,English Irish
Too young to Speak,None
Englin,English
Speake Englis,English
Co,ERROR
E and I Language,English Irish
Speack English and Irish,English Irish
Cannot Speak Neither,None
Egh and Irish,English Irish
Educated,English Irish
Eg and Irish,English Irish
S K C T T,ERROR
Does Not Speak Irish,English
Irirsh and English,English Irish
Eglsh and Irish,English Irish
Irsh and Englis,English Irish
Not Education,ERROR
Can S Both,English Irish
English Chiefy some Irish,English Irish
Engih and Irish,English Irish
Irish Langug,Irish
Can Sp Irish E,English Irish
Non at all,None
Noode as Yet,None
Iers and Englis,English Irish
English Parish,English
Englis an Irish,English Irish
Regret English,English
Irish and English Irish ?,English Irish
M B,ERROR
Irish nglish,English Irish
Scottch,Scotch
Irish and Inlish,English Irish
I No,ERROR
Welsh etc,Welsh
A Little,English Irish
Cant write,English Irish
Read Irish and Eng,English Irish
Galick and English,English Irish
Irish Read and Speak,Irish
Irish E English,English Irish
Speaks Engli,English
E Languages,English
Emglish and Irish,English Irish
C Speak E and Irish,English Irish
++,ERROR
Scotah,Scotch
English Properly,English
English Lauguees,English
"English, Irish and French",English French Irish
Can only Speak English,English
Both Esh and Irish,English Irish
Engh and Iriash,English Irish
No Lang,None
English Can,English
English and Dowth,English
Can Speek English and Irish,English Irish
E English,English
Irish a Eng,English Irish
Not Speak Irish,English
Irrish and English,English Irish
Irs and English,English Irish
Cant Speack Irish,English
Speaker of Irish and English,English Irish
Talk English and Irish,English Irish
Iresh,Irish
Cannot Speke,None
None Can Speak English Not Irish,English
Cannot read and write,None
Eng and Iris,English Irish
Spas English,English
Spkae Irish and English,English Irish
Spkae Irish,Irish
Manx,Manx
Francais,French
Can Speak Englis and Irish,English Irish
Notocklish,ERROR
Ca English,English
Irish and Engshe,English Irish
Can Speak and Talk,English Irish
Irish and English French and Stalian,English French Irish Italian
Eng Langug,English
Irish and English Can Speak I and E,English Irish
Inglesh Irish,English Irish
Sp Englis,English
Esnglish,English
Engliss Langu,English
Cannot Re,ERROR
Engliss Langua,English
$ English,English
Irish and Eglash,English Irish
Irish English Greek French and Latin,English French Greek Irish Latin
English Scoth,English Scotch
German French and English,English French German
Not Known,None
English French Latin,English French Latin
Not in Dublin,ERROR
No Languish,None
Co Armagh,ERROR
Ir E,English Irish
French and E,English French
English Cant Speak Irish,English
Irish and English and c,English Irish
Iirish and Englsh,English Irish
Can Speak a Little,ERROR
Irish can Speak irish,Irish
English etc Irish,English Irish
English and Swedish,English Swedish
irish and English,English Irish
England La,English
Irish Ensh,English Irish
English Lagist,English
Irish Spak and English,English Irish
Irish and Englend,English Irish
Enginglish Lan,English
Speak I E,English Irish
Speaks Irish and E,English Irish
Irsh Eglish,English Irish
Her own language,None
? in Jerman,German
Not Speak Yet,None
Not here to might,None
English Speaking Only,English
English and Gaslie,English Irish
Cannot Speak I Irish,English
Irish and Eigh,English Irish
English ony,English
Cannot Speak English and Irish,None
Cannot speak English or Irish,None
M OCallaghan,ERROR
"RS, English",English
Irish and Engils,English Irish
Cattle Irish and English,English Irish
Neither Two Young,None
Speaks Irish English,English Irish
English and Italian,English Italian
A Little of Each,English Irish
Irish and English Speaking,English Irish
Irish Lang and English,English Irish
Irish Fairly Well,Irish
Engli Irish,English Irish
Little Irish and English,English Irish
Is English,English
Speech English,English
Can Speak Boath I,English Irish
Can Read Irish and English,English Irish
Land House Dividends,ERROR
Enguish,English
Englinguish,English
Several,Unknown
Entered though mistake,ERROR
English Irish French,English French Irish
Irish ? and English,English Irish
English and a slight knowledge of the Irish Language,English Irish
Speaks I and English,English Irish
Speak's it only,English Irish
Irish and Ellish,English Irish
Cannot Speck,None
Dumb,Dumb
English German and French,English French German
Ir Eg,English Irish
Irish Eng and c,English Irish
Irish and Eng ?,English Irish
Being Taught Both,English Irish
Irish and English Speaker,English Irish
Irish and Eeanla,English Irish
Quite,English Irish
All can Speak English and Irish,English Irish
Do not Sp Irish,English
Cannot Speak I,English
Not Sperkery,None
Iinglish,English
All Speaks,English Irish
Can Speake English and Irish,English Irish
Irish El,English Irish
English and Russian,English Russian
Cannot read or Speak English or Irish,None
"Italian,French German English Dutch Spanish",Dutch English French German Italian Spanish
Tosh and English,English
Elingish,English
Can Speak Write,English Irish
Elnglish,English
Iish and English,English Irish
None Irish and English,None
Cannot Speek Yet,None
Sheiper English Only,English
Can Speak English and Irish Fluency,English Irish
English and C a Little Irish,English Irish
Can Speak E or I,English Irish
Can Speak I or E,English Irish
English Irsh,English Irish
Cant read,None
Irish Scotch,Irish Scotch
MA,ERROR
Galway,ERROR
Lame,None
Decrepit,None
Cannot Speaker,None
English Russian,English Russian
Englishn Language,English
Sightly,None
Eng Lengh,English
Es,English
Eeng and Irish,English Irish
English Langugae,English
Irish and Eglis,English Irish
Irish and Engis,English Irish
Celtic English,English Irish
Wales and English,English Welsh
I and English and F,English French Irish
Irish and Englglish,English Irish
Irich and M,Irish
Rish Englis,English Irish
Eh Language,English
Eg Language,English
En Irish,English Irish
No Eng,None
Irish but badly and English,English Irish
English All Sheer,English
English Irish Nil,English
Swedish,Swedish
Cannot Talk at All,None
French and German,French German
Not talking,None
Irish Langish,Irish
A little English,English
Blind,ERROR
Irish and Brithers,English Irish
Irish and Eligh,English Irish
Irish Langua,Irish
Ingless,English
English Well,English
Eglishe,English
Beginning to Speak English,English
English O,English
? and English,English
Very Little Irish and English,English Irish
Child,None
Enghish Irish,English Irish
Speaks or little Irish also English,English Irish
Say Irish,Irish
Cannot Speack Get,ERROR
Rish and Rish,English Irish
Speakes Irish only,Irish
Write English,English
Frensh and English,English French
Irish All,Irish
E Lanuge,English
Englisth,English
Speakes Irish and English,English Irish
G E,ERROR
Not Old English,English
Can Speaks Irish and English,English Irish
Dont Know,None
English Spanish Latin Greek,English Greek Latin Spanish
Languages,None
Irish and C Eng,English Irish
Telegu,Telegu
Engilst,English
Irish and Enight,English Irish
English W C,English
Canot speak Yet,None
Irish and Enlst,English Irish
Cannot speak too young to speak,None
Nothing to English,English
English and Elementry Irish,English Irish
Scotch and En,English Scotch
Welsh and etc,Welsh
The Irish,Irish
No Irish and N,None
Y,ERROR
Speakes English,English
English No Language,None
Both Irish,Irish
English A Little Irish Learning Irish,English Irish
Cant Speak Yet,None
English and Irish Learning,English Irish
rsh and Inglish,English Irish
Not able,None
Ih and Esh,English Irish
Ish and Esh,English Irish
Can read and write Both English and Irish,English Irish
Speaks only,English Irish
English and Gree,English Greek
Can Speaks English and Irish,English Irish
Irish on Eng,English Irish
12 Morale,ERROR
En and I,English Irish
Ir and E,English Irish
English I C,English Irish
Speak a Little,None
Unable to Speaker,None
Irish and Ir,English Irish
English Only Can Speak,English
Irish and Englissh,English Irish
Gelic and English,English Irish
All No Irish and English,English
English Lancuace,English
Irish Englisg,English Irish
Cannot ?,None
Broken,None
Galic French and Irish and English,English French Irish
Hew Ban,None
Dont Speak,None
Can Speak Irish an English,English Irish
Englinsh,English
An English,English
English Some Irish,English Irish
Laton,Latin
Irish and En?,English Irish
"English, Irish",English Irish
Ierish English,English Irish
English French and Telugu,English French Telugu
Egnlish only,English
Irish and Elng,English Irish
English Laug,English
English Norwigan,English Norwegian
English Langs,English
Cannot Seak,None
Not yet able to speak,None
I N,ERROR
English and ?,English
In the Asylum,None
English Bkn,Broken-English
B Kn English,Broken-English
English book and Irish,English Irish
Irich and Englich,English Irish
French English,English French
English and Student of Irish,English Irish
Qu,ERROR
Cannot Speak Either English or Irish,None
Can Spad Irish and English,English Irish
Speaker Irish and English,English Irish
Nothing Yet,None
English R,English
Irish and Eenglis,English Irish
English and Irilsh,English Irish
Can Speake Boath,English Irish
Am Sorry ? English,English
Iirish and Eenglish,English Irish
Not Yet Speaking,None
Cannot Speak Ir,English
Irish and Eng Lag,English Irish
Cannot Speak E Irish,None
Speaks E,English
Not Talking Yet,None
Ennglish,English
Engtis Language,English
English and En,English Irish
English and E,English Irish
Can speak Both,English Irish
Knows Irish and English,English Irish
Only Lisps Yet,None
Englirgen Irish,English Irish
Irish and Englished,English Irish
Engsh,English
Irrish Englis,English Irish
Irsh and Enghis,English Irish
Can Speak E,English
Inngles,English
Irish and English Latin and Greek,English Greek Irish Latin
Can English,English
Irish E and English,English Irish
Englst,English
++ English,English
Irh and English,English Irish
Will Speak Irish and English,English Irish
Irish and English Read both L,English Irish
Enh and Irish,English Irish
Speah,English Irish
Not Speak,None
"French, German and C",French German
Begin Here,None
Neither Irish Nor Engl,None
E Yes I,English Irish
English of Germany,English German
Little Irish English,English Irish
But Soon Well,None
Has the Irish Language,Irish
British Subject,English
No Talking,None
Irish and Englesh,English Irish
Irish and Enli,English Irish
Do Not read,None
Learning Irish Speaking English,English Irish
English Langon,English
English and German and Austrian,Austrian English German
Irsh Co English,English Irish
Pupils,ERROR
Coming Irish,Irish
Beginning to Speak Both,English Irish
Eng Ir,English Irish
English and Galick,English Irish
Englash Irash,English Irish
"Halian, English",English Italian
Englash and Irash,English Irish
Tussis,ERROR
Enh,English
Irish Englilsh,English Irish
Irish Enghlis,English Irish
Irish Enghlish,English Irish
Irh and Enh,English Irish
Cant Speak I or English,None
Inglish and Iris,English Irish
Cant Speak I or E,None
I E Language,English Irish
None at Presant,None
R S,ERROR
Can speak Irish on English,English Irish
English I R,English Irish
Irish Nglish,English Irish
Both I and E,English Irish
English M G,English
English and irish,English Irish
Pupil,ERROR
English and Iirish,English Irish
Irish and Enilish,English Irish
Englis Iris,English Irish
Speake Irish,Irish
Cant Speak athal,None
English and Franish,English French
I and E Language,English Irish
English and c,English
Cannot Speak yet,None
Chinesse,Chinese
Ongmal,None
Spe Iris and Eng,English Irish
Elish and Irish,English Irish
Irish Laguge,Irish
English Irish German,English German Irish
T F,ERROR
Eglash,English
Cant read write,None
Canot Speek Irish,English
Elngish,English
Sp Irish and English,English Irish
Sp Irish and E,English Irish
S Irish and English,English Irish
S Irish Eng,English Irish
S Irish and Eng,English Irish
Spe Irish English,English Irish
Speaks English Irish,English Irish
Speak I,Irish
O,ERROR
W D,ERROR
Eng Irish ?,English Irish
English Ireland,English Irish
Irisher,Irish
Irish and English and Walsh,English Irish Welsh
W J C,ERROR
Germany English,English German
Can Speake Irish English,English Irish
T C,ERROR
Sel Workhouse Form,ERROR
English Spek Irish,English Irish
Cant Sp English,Irish
I Engsh,English Irish
Englissh Only,English
Irist and Engish,English Irish
Not able to speak,None
Doesnt Speak Yet,None
Yes and English,English
English D L,English
Iris an English,English Irish
Irish an En,English Irish
Iris Laungag,Irish
Ton Young,None
English Irish and English,English Irish
Irsh an English,English Irish
Not English and Irish,None
Englus,English
Italian French English,English French Italian
Is and English,English Irish
Irst English,English Irish
Lancashire,ERROR
Cannot Eng,None
Iirisch inglish,English Irish
Leaning Irish,Irish
Sp Irish,Irish
Irisih and English,English Irish
Did Speak English,English
Irish and English Etc Etc,English Irish
Gr,ERROR
Irish and and English,English Irish
Iristt and English,English Irish
English aknowledge of Irish,English Irish
Englysh and Irish,English Irish
Enlished,English
Englisth Language,English
I english,English Irish
El,English
Irish and Enlg,English Irish
Can Irish and England,English Irish
Irh and Elis,English Irish
Irish glish,English Irish
Irish lish,English Irish
Farm Servant,ERROR
Enghis,English
Cannot Talk Yet,None
Irsh Inglish,English Irish
Cannot Tell,None
Irish English Only,English Irish
Enghlist,English
Irisd and English,English Irish
Do not speak it,None
Plam Irish and English,English Irish
Irish Englahs,English Irish
I and Englisg,English Irish
Enlis Lan,English
English Irish etc,English Irish
Irish and Englihs,English Irish
Cannot Speaek,None
Irish and ? E,English Irish
Spak Irish,Irish
Elgshin,English
Cannot R R,None
Speek English,English
The latter are Acquired Language,ERROR
English Charles Daly,ERROR
Irish Englingh,English Irish
Cant Speak Irish and English,English Irish
Irish English and others,English Irish
Irish Welsh French and English Germani and C and C,English French German Irish Welsh
Iriish and English,English Irish
Yes and Irish and English,English Irish
Spea English,English
Can Read Irish and Speak English,English Irish
Learning It,English Irish
Speaks English French and German,English French German
By Belguel,English Irish
Suiss French,Swiss-French
Irish etc English,English Irish
English Irish Imperfectly as yet,English Irish
Speak both Languages,English Irish
Eng Langu,English
Irise and English,English Irish
English and non Irish,English
Irish Englinch,English Irish
Ma?,ERROR
English and Yiddish,English Yiddish
Irsh and England,English Irish
Little of Coch,English Irish
Boeth,English Irish
English of not so,English
Not Speak Eng,None
"Eng, Irish, French",English French Irish
Irish and Enslis,English Irish
Scotch and Irish and English,English Irish Scotch
English Cannot,English
E Laungage,English
English Laung,English
In English Language,English
?sh,ERROR
Nery Week Night,ERROR
Ir and Engsh,English Irish
By Linguo,English Irish
Irish Langage Eng Langage,English Irish
Read English and Speak Irish,English Irish
Hebru,Hebrew
Irish nor English,None
Irish and E English,English Irish
Speakes Englis only,English
Can Speak of Read Irish,Irish
Eh and Irish,English Irish
Irish and Mayo,Irish
Not Irish or English,None
Not Spoken,None
Englist Langurde,English
Yet No Language,English
Irish And English,English Irish
Irish a Enlish,English Irish
Not English or I,English Irish
English and Irish Speaks,English Irish
Commencing,None
AN,ERROR
Can Distintly Speak Irish English,English Irish
Spanish,Spanish
Engliglish,English
Cannot Speak Eng,None
Inglisih,English
English only Irish only,English Irish
Er,English
Barney Irish,Irish
Latin French Greek Irish and English,English French Greek Irish Latin
E and,English Irish
Messenger in Chancey Offices,ERROR
Irish an Eanglish,English Irish
"English, French",English French
General Labourer,ERROR
English and Irish and French,English French Irish
Irish a E,English Irish
Not Irish nor English,None
Cannot English,None
Anglo-Irish,English Irish
Speck only,English
I English Only,English
Eng Nil,None
Read,None
Irish and Enligh,English Irish
Emglish,English
Gujerate,Gujarati
Cripple,Unknown
Englisk,English
rish English,English Irish
Irish Langau,Irish
Both Language English and Irish,English Irish
Can Speak English and a Little Irish,English Irish
Orha,ERROR
E and Ish,English Irish
Too Young to Speak,None
Lattin English,English Latin
Irish Engles,English Irish
Keating,None
lirsh and Eng,English Irish
Fresh English,English French
K? City,ERROR
Cannot Speak to Young,None
Irish Lattin and English,English Irish Latin
M I,ERROR
Learning English Irish,English Irish
Englanh,English
Emglanh,English
Scotish Irish,Irish Scotch
America and English,English Yankey
Genlish,English
Cannot Read and Write,None
English of Welsh,English Welsh
En and English,English
Co English,English
All Spoke,English Irish
Speak E and Irish,English Irish
yes,English Irish
Speak and Read,English Irish
Englis Lang,English
No Irish and English,English
Franch English,English French
Speeks Irish,Irish
Engls ires,English Irish
S English Irish,English Irish
English and Iirsh,English Irish
Irish in ?,Irish
Egish,English
Neither English or Irish,None
Parent I and E,English Irish
"Italian, English",English Italian
English Speak Irish,English Irish
Canspeak Irish and English,English Irish
French Dutch English German,Dutch English French German
Too Young to Talk,None
English Imperfectly,English
Iris and Inglish,English Irish
Spaks English,English
I on English,English Irish
Speak only,English Irish
Student of Irish,Irish
Cant,None
Norwegian English,English Norwegian
Irish Englh,English Irish
Irish Lange,Irish
Irish Eng Lng,English Irish
Irish and English Langu,English Irish
A Little Irish and Good English,English Irish
Irish and English Read,English Irish
English and Irish Out Poorly,English Irish
Cannot Speak it,None
Speak's English only,English
Speak's Irish and English,English Irish
Sorry Idont,None
Eng and only,English Irish
Irish Descent,Irish
Irish and Hindustanie,Irish Hindustani
Slightly,English Irish
Ignorant,None
"Greek, Latin and English",English Greek Latin
GL English,English
Grabic Bala,Arabic
English and Franch,English French
Irish Prof and English,English Irish
English on Irish,English Irish
Englisah,English
Commence,ERROR
Esh only,English
English Langae,English
Cannot Speech Irish,None
Galic and English,English Irish
In English,English Irish
Irish of Ireland,Irish
Irish and Enish,English Irish
C S I A E,ERROR
Irish and English Irish not Many Fluently,English Irish
No Speaking,None
Doesnot Speak,None
Englind,English
English India,English Hindustani
Too Young,None
Enlish Only,English
English and India,English Hindustani
Parish,None
Irish Lag,Irish
Iris and Elg,English Irish
French Irish and English,English French Irish
Irish Slightly and English,English Irish
R H,ERROR
Studying Sames Few Words,None
Irish English Hindi Etc,English Hindustani Irish
Cannot and Irish,Irish
Irish Inglsh,English Irish
Frin? English,English
Irish Lanuage,Irish
Canno,None
Noting,None
Enghlis and Irish,English Irish
En Languag,English
Irish Eng and Latin,English Irish Latin
No Irish Speaks English,English
Irish Speak,Irish
Eg Langue,English
Irish Eng and C,English Irish
I Seeton,Irish
R and English,English
Cannot Speak Irish and English,None
No Infirmities,ERROR
Englh,English
Irish English Latin,English Irish Latin
Englie,English
Englis Lan,English
Irish and Emglish,English Irish
Can speak English,English
Can Speak irish and inglis,English Irish
End,English
English and Yankey,English Yankey
Irish or Eng,English Irish
Irish a Enis,English Irish
E and French,English French
Englist I,English
A Litle England,English
English Irish Cot,English Irish
Write Irish and English,English Irish
Launge,ERROR
Irish and Inghlind,English Irish
Engis Language,English
Irish and English German,English German Irish
Cannot D,None
English a Student,English
English Little of Irish,English Irish
None Here,None
English Welsh,English Welsh
English Error,English
English Understands not Speak or Write Irish,English
Irish and Inglsih,English Irish
English Ire,English Irish
English I H,English Irish
No I English,English
English Irish at English,English Irish
Irish Englih,English Irish
Irish Enli,English Irish
Dumb Yet,None
Language Irish English,English Irish
Cannot Spk Irish,English
Cannot talk,None
Cant speak Irish on English,None
Irish and english,English Irish
Irish ad English,English Irish
English two Paudene Hasse,English
"English, German, French, Italian",English French German Italian German
Greek or Hebrew,Greek Hebrew
Englash Lang,English
Irish Englist,English Irish
Not Thought,None
Irish and English French and Germany,English French German Irish
English and Wa?,English Welsh
Eansh,English
English of Irish,English Irish
English and Walsh,English Welsh
? Irish,Irish
Eirish English,English Irish
Can Speak Both Irish and English,English Irish
Irish and English P and C,English Irish
With English a Little Irish,English Irish
Enalish,English
Irsh and Engh,English Irish
Learning English and Irish,English Irish
None Irish,English
No Irish Cut English,English
No Irish English,English
I but not English,Irish
Ire and English,English Irish
Irish Enghs,English Irish
Irsh and Eng,English Irish
Late Irish and English,English Irish
Laungs,Unknown
Eirish and English,English Irish
HN,Unknown
No English and Irish,None
Englins,English
Baby Language,None
Fren and Eng,English French
English Langeg,English
French and Eng,English French
Roman and English,English Latin
Little of Either,None
English D Irish,English Irish
Partial Irish and English,English Irish
English only Cant Irish,English
Irish and Egll,English Irish
